"HCANP Whether has Cancer (including remission)","Has cancer (including remission)","Does not have cancer (including remission)","Not stated","Total",
"SA2 (UR)",
"Braidwood",179,3713,454,4343,
"Karabar",245,7523,749,8517,
"Queanbeyan",297,10197,851,11342,
"Queanbeyan - East",125,4606,351,5085,
"Queanbeyan West - Jerrabomberra",343,11642,754,12744,
"Googong",83,5808,332,6224,
"Queanbeyan Surrounds",505,14693,1342,16539,
"Bombala",90,2089,273,2454,
"Cooma",240,5813,705,6761,
"Cooma Surrounds",134,2927,415,3472,
"Jindabyne - Berridale",182,7034,821,8035,
"Batemans Bay",415,7321,850,8581,
"Batemans Bay - South",451,7599,894,8938,
"Bega - Tathra",320,7681,868,8872,
"Bega-Eden Hinterland",383,8272,904,9557,
"Broulee - Tomakin",196,3306,291,3792,
"Deua - Wadbilliga",0,35,5,43,
"Eden",131,2897,399,3425,
"Eurobodalla Hinterland",144,2947,434,3525,
"Merimbula - Tura Beach",565,10058,883,11513,
"Moruya - Tuross Head",413,7287,896,8600,
"Narooma - Bermagui",522,8420,948,9888,
"Goulburn",883,21133,2557,24565,
"Goulburn Surrounds",502,11878,1464,13839,
"Yass",267,5978,523,6763,
"Yass Surrounds",434,11225,1054,12713,
"Young",377,9582,1043,11004,
"Young Surrounds",285,6506,889,7677,
"Avoca Beach - Copacabana",241,6796,476,7513,
"Box Head - MacMasters Beach",470,9842,732,11042,
"Calga - Kulnura",147,4064,510,4716,
"Erina - Green Point",719,13126,916,14758,
"Gosford - Springfield",704,18827,1680,21204,
"Kariong",164,5895,425,6485,
"Kincumber - Picketts Valley",333,6703,577,7615,
"Narara",240,6532,383,7157,
"Niagara Park - Lisarow",285,7476,446,8205,
"Point Clare - Koolewong",279,5885,398,6571,
"Saratoga - Davistown",303,6371,487,7160,
"Terrigal - North Avoca",520,13286,1051,14849,
"Umina - Booker Bay - Patonga",1025,21551,2124,24697,
"Wamberal - Forresters Beach",388,9574,712,10675,
"Woy Woy - Blackwall",599,12576,1171,14346,
"Wyoming",419,10123,875,11423,
"Bateau Bay - Killarney Vale",814,19941,2071,22825,
"Blue Haven - San Remo",309,10038,942,11290,
"Budgewoi - Buff Point - Halekulani",392,8459,880,9728,
"Chittaway Bay - Tumbi Umbi",586,14271,1142,16006,
"Gorokan - Kanwal - Charmhaven",868,19244,2252,22362,
"Jilliby - Yarramalong",118,3040,265,3420,
"Lake Munmorah - Mannering Park",540,9521,901,10960,
"Ourimbah - Fountaindale",153,4442,329,4928,
"Summerland Point - Gwandalan",240,5720,529,6492,
"The Entrance",641,13688,1508,15839,
"Toukley - Norah Head",462,8562,888,9909,
"Tuggerah - Kangy Angy",165,4727,340,5229,
"Warnervale - Wadalba",525,18055,1477,20051,
"Wyong",286,7856,977,9120,
"Bathurst - East",370,11011,949,12330,
"Bathurst Surrounds",267,5822,828,6909,
"Oberon",172,3876,790,4834,
"Bathurst - South",367,8815,1569,10752,
"Bathurst - West",444,12789,1085,14313,
"Condobolin",195,5264,920,6372,
"Cowra",347,8035,896,9273,
"Cowra Surrounds",231,4772,721,5716,
"Forbes",392,8459,1173,10020,
"Grenfell",151,3111,326,3597,
"Parkes (NSW)",339,9523,1056,10919,
"Parkes Surrounds",100,2729,433,3262,
"West Wyalong",205,4663,656,5525,
"Lithgow",433,10508,1448,12385,
"Lithgow Surrounds",310,7258,875,8448,
"Mudgee",336,11106,1126,12563,
"Mudgee Surrounds - East",144,2838,416,3398,
"Mudgee Surrounds - West",352,9448,1280,11072,
"Wollangambe - Wollemi",0,0,0,0,
"Blayney",275,6536,710,7517,
"Orange",612,16628,1784,19023,
"Orange - North",599,20497,1793,22895,
"Orange Surrounds",404,10314,1107,11830,
"Grafton",742,16694,1820,19255,
"Grafton Surrounds",676,13486,2717,16875,
"Maclean - Yamba - Iluka",927,15102,1501,17533,
"Bellingen",197,5323,646,6168,
"Coffs Harbour - North",682,15775,1633,18099,
"Coffs Harbour - South",482,9554,1270,11305,
"Coramba - Nana Glen - Bucca",141,3439,366,3950,
"Dorrigo",125,2711,417,3250,
"Korora - Emerald Beach",345,9193,725,10262,
"Sawtell - Boambee",786,17601,1678,20066,
"Urunga",235,4205,465,4907,
"Woolgoolga - Arrawarra",560,12736,1172,14463,
"Bourke - Brewarrina",66,2669,683,3428,
"Cobar",101,3327,695,4129,
"Coonamble",121,3156,654,3926,
"Nyngan - Warren",155,3862,575,4591,
"Walgett - Lightning Ridge",144,3841,1541,5534,
"Broken Hill",596,14875,2120,17588,
"Far West",54,1767,463,2288,
"Coonabarabran",320,6287,1308,7921,
"Dubbo - East",273,9069,1294,10633,
"Dubbo - South",576,16969,2087,19628,
"Dubbo - West",269,8815,1237,10317,
"Dubbo Surrounds",189,5064,710,5963,
"Gilgandra",161,3615,622,4398,
"Narromine",219,5176,1064,6458,
"Wellington",277,6613,1872,8769,
"Branxton - Greta - Pokolbin",331,11565,866,12770,
"Cessnock",764,19318,3408,23495,
"Cessnock Surrounds",326,8072,743,9145,
"Dungog",367,8521,654,9541,
"Kurri Kurri - Abermain",622,18263,1744,20631,
"Singleton",415,15068,1536,17018,
"Singleton Surrounds",151,4603,574,5332,
"Maitland",235,7803,578,8611,
"Maitland - North",267,7857,605,8727,
"East Maitland - Metford",527,16079,1381,17981,
"Rutherford (North) - Aberglasslyn",541,15860,1336,17730,
"Rutherford (South) - Telarah",213,7016,750,7976,
"Tenambit - East Maitland",346,9080,665,10091,
"Thornton - Millers Forest",358,14595,945,15899,
"Anna Bay",319,5578,551,6449,
"Lemon Tree Passage - Tanilba Bay",329,6007,554,6887,
"Nelson Bay Peninsula",1147,19128,1702,21972,
"Raymond Terrace",489,12714,1388,14588,
"Seaham - Woodville",180,5068,445,5693,
"Tea Gardens - Hawks Nest",433,4805,575,5804,
"Williamtown - Medowie - Karuah",495,13433,1092,15020,
"Muswellbrook",317,10551,1396,12272,
"Muswellbrook Surrounds",116,3554,412,4083,
"Scone",202,5323,515,6035,
"Scone Surrounds",261,7146,793,8194,
"Dapto - Avondale",879,21675,1642,24195,
"Horsley - Kembla Grange",306,11145,710,12155,
"Port Kembla Industrial",0,5,0,5,
"Unanderra - Mount Kembla",515,13857,911,15280,
"Berkeley - Lake Heights - Cringila",376,12609,1216,14200,
"Port Kembla - Warrawong",306,8549,874,9740,
"Windang - Primbee",204,3661,367,4239,
"Illawarra Catchment Reserve",0,9,0,9,
"Albion Park - Macquarie Pass",471,17258,1300,19026,
"Albion Park Rail",254,6098,564,6920,
"Kiama",401,7772,602,8786,
"Kiama Downs - Minnamurra",237,5439,387,6063,
"Kiama Hinterland - Gerringong",324,7194,622,8136,
"Shellharbour - Flinders",605,17320,1415,19341,
"Shellharbour - Oak Flats",377,9358,854,10590,
"Warilla",699,17706,1994,20397,
"Balgownie - Fairy Meadow",752,19192,1574,21519,
"Corrimal - Tarrawanna - Bellambi",538,14363,1145,16041,
"Figtree - Keiraville",594,20590,1587,22773,
"Helensburgh",256,8359,516,9135,
"Thirroul - Austinmer - Coalcliff",416,10804,738,11957,
"Woonona - Bulli - Russell Vale",731,18781,1245,20761,
"Wollongong - East",541,14349,1126,16020,
"Wollongong - West",351,14909,1291,16551,
"Bulahdelah - Stroud",218,4413,601,5235,
"Forster",820,12617,1271,14709,
"Forster-Tuncurry Surrounds",298,5949,737,6988,
"Tuncurry",398,5516,459,6376,
"Kempsey",553,12601,2502,15654,
"Kempsey Surrounds",395,8017,1064,9472,
"Macksville - Scotts Head",267,4442,479,5189,
"Nambucca Heads",414,5928,770,7111,
"Nambucca Heads Surrounds",332,6861,914,8102,
"South West Rocks",350,4800,476,5628,
"Lord Howe Island",12,395,39,445,
"Laurieton - Bonny Hills",1036,16249,1198,18484,
"Port Macquarie - West",939,18453,1750,21147,
"Port Macquarie Surrounds",201,4565,533,5301,
"Wauchope",480,11262,1059,12796,
"Port Macquarie - East",468,10454,839,11764,
"Port Macquarie - South",857,15392,1035,17284,
"Gloucester",231,4622,450,5310,
"Old Bar - Manning Point - Red Head",575,10872,1037,12476,
"Taree",813,18023,2283,21123,
"Taree Surrounds",654,11237,1149,13044,
"Wingham",206,4690,498,5395,
"Albury - East",536,16143,1151,17831,
"Albury - North",330,9136,1061,10527,
"Albury - South",443,9181,900,10519,
"Albury Surrounds",404,10812,1291,12507,
"Lavington",582,13635,1447,15665,
"Hay",99,2381,415,2897,
"Wentworth - Buronga",216,5441,855,6511,
"Wentworth-Balranald Region",79,2928,642,3648,
"Corowa",262,4856,477,5595,
"Corowa Surrounds",312,6124,824,7262,
"Deniliquin",250,5985,807,7038,
"Deniliquin Surrounds",257,5822,768,6837,
"Moama",313,6054,567,6930,
"Tocumwal - Finley - Jerilderie",413,8138,1223,9778,
"Armidale",780,20343,2846,23967,
"Armidale Surrounds - North",147,3705,683,4527,
"Armidale Surrounds - South",246,5161,479,5894,
"Walcha",143,2620,374,3144,
"Glen Innes",376,7330,1228,8931,
"Inverell",400,10264,1399,12057,
"Inverell Surrounds - East",186,4325,688,5200,
"Inverell Surrounds - West",218,4850,668,5734,
"Tenterfield",320,5715,780,6810,
"Moree",199,6016,1633,7845,
"Moree Surrounds",112,3772,1470,5356,
"Narrabri",217,5953,726,6898,
"Narrabri Surrounds",135,3714,770,4616,
"Gunnedah",296,8210,1240,9745,
"Gunnedah Surrounds",142,3663,560,4369,
"Quirindi",232,6255,1066,7551,
"Tamworth - East",703,18592,2056,21360,
"Tamworth - North",581,14333,1605,16517,
"Tamworth - West",106,4897,988,5998,
"Tamworth Surrounds",739,16605,1689,19038,
"Belmont - Bennetts Green",694,15941,1225,17864,
"Belmont South - Blacksmiths",242,4989,453,5680,
"Charlestown - Dudley",779,22846,1624,25254,
"Glendale - Cardiff - Hillsborough",764,22365,1455,24588,
"Mount Hutton - Windale",365,8181,958,9504,
"Redhead",189,3298,293,3785,
"Swansea - Caves Beach",590,11127,846,12559,
"Valentine - Eleebana",521,11370,675,12568,
"Warners Bay - Boolaroo",562,13197,926,14694,
"Bolton Point - Teralba",358,8758,1025,10135,
"Bonnells Bay - Silverwater",404,8609,680,9691,
"Edgeworth - Cameron Park",434,14873,1072,16375,
"Morisset - Cooranbong",811,16014,1299,18129,
"Toronto - Awaba",584,12312,1065,13961,
"Wangi Wangi - Rathmines",411,8317,740,9467,
"West Wallsend - Barnsley - Killingworth",211,6569,476,7254,
"Adamstown - Kotara",482,15153,968,16600,
"Beresfield - Hexham",284,7595,690,8561,
"Hamilton - Broadmeadow",414,11178,1185,12772,
"Lambton - New Lambton",555,15643,1150,17343,
"Maryland - Fletcher - Minmi",340,15178,919,16429,
"Mayfield - Warabrook",473,13925,1132,15526,
"Merewether - The Junction",441,13132,925,14506,
"Newcastle - Cooks Hill",354,11469,984,12805,
"Newcastle Port - Kooragang",0,19,5,31,
"Shortland - Jesmond",262,10664,1674,12593,
"Stockton - Fullerton Cove",427,7643,759,8824,
"Wallsend - Elermore Vale",714,18789,1461,20958,
"Waratah - North Lambton",378,11387,1120,12883,
"Wickham - Carrington - Tighes Hill",224,8341,599,9171,
"Ballina",903,16105,1625,18629,
"Ballina Surrounds",684,16267,1373,18327,
"Bangalow",168,5868,927,6958,
"Brunswick Heads - Ocean Shores",280,7838,1051,9170,
"Byron Bay",299,9381,1238,10914,
"Evans Head",239,4750,655,5643,
"Lennox Head - Skennars Head",261,8228,752,9236,
"Mullumbimby",269,7247,1383,8896,
"Casino",508,10400,1392,12298,
"Casino Surrounds",243,6065,1072,7381,
"Goonellabah",507,11973,1119,13591,
"Kyogle",260,6448,900,7611,
"Lismore",559,13033,1638,15229,
"Lismore Surrounds",522,13430,1829,15786,
"Kingscliff - Fingal Head",566,13043,1203,14818,
"Murwillumbah",343,8159,1002,9501,
"Murwillumbah Surrounds",352,8619,1374,10352,
"Pottsville",500,12195,1389,14086,
"Tweed Heads",903,17538,2122,20563,
"Banora Point",736,14361,1223,16320,
"Terranora - North Tumbulgum",113,2943,264,3324,
"Tweed Heads South",457,7265,704,8423,
"Griffith (NSW)",528,18037,2008,20569,
"Griffith Surrounds",365,10483,1904,12760,
"Leeton",274,9010,1055,10330,
"Narrandera",197,4932,774,5905,
"Tumbarumba",119,2916,485,3522,
"Tumut",249,5754,664,6667,
"Tumut Surrounds",174,4023,547,4744,
"Cootamundra",383,6613,711,7705,
"Gundagai",136,3091,493,3715,
"Junee",208,4809,1336,6351,
"Temora",232,5833,535,6603,
"Wagga Wagga - East",588,15151,1178,16921,
"Wagga Wagga - North",128,4970,505,5605,
"Wagga Wagga - South",707,20030,1786,22522,
"Wagga Wagga - West",420,10354,1185,11962,
"Wagga Wagga Surrounds",528,15492,1772,17788,
"Berry - Kangaroo Valley",487,8267,732,9489,
"Callala Bay - Currarong",210,3151,285,3642,
"Culburra Beach",243,4497,357,5105,
"Ettrema - Sassafras - Budawang",0,57,8,62,
"Huskisson - Vincentia",213,4240,390,4844,
"North Nowra - Bomaderry",668,14109,1320,16098,
"Nowra",761,18767,3063,22584,
"St Georges Basin - Erowal Bay",789,13105,1368,15259,
"Sussex Inlet - Berrara",286,3919,496,4694,
"Tomerong - Wandandian - Woollamia",137,3199,371,3708,
"Ulladulla",771,14886,1375,17026,
"Ulladulla Surrounds",278,5012,530,5822,
"Bowral",753,11874,999,13626,
"Hill Top - Colo Vale",186,5780,420,6393,
"Mittagong",409,9782,737,10931,
"Moss Vale - Berrima",396,9305,954,10648,
"Robertson - Fitzroy Falls",146,3344,338,3829,
"Southern Highlands",321,6344,580,7250,
"Baulkham Hills - East",624,23010,1092,24726,
"Baulkham Hills (West) - Bella Vista",575,20125,987,21683,
"Glenhaven",301,5729,334,6361,
"West Pennant Hills",433,11722,528,12683,
"Castle Hill - Central",197,7139,337,7677,
"Castle Hill - East",224,4904,545,5670,
"Castle Hill - North",369,11256,568,12189,
"Castle Hill - South",276,9650,491,10419,
"Castle Hill - West",104,4895,182,5183,
"Cherrybrook",529,17790,768,19082,
"Kellyville - East",396,16619,694,17709,
"Kellyville - West",208,10610,561,11375,
"Dural - Kenthurst - Wisemans Ferry",726,20335,1421,22479,
"Galston - Laughtondale",206,4806,419,5436,
"Bilpin - Colo - St Albans",110,2384,349,2846,
"Kurrajong Heights - Ebenezer",663,20092,1404,22161,
"Pitt Town - McGraths Hill",293,10226,896,11414,
"Box Hill - Nelson",143,9656,492,10287,
"North Kellyville",220,16219,969,17401,
"Rouse Hill - Beaumont Hills",355,16530,692,17581,
"Blacktown (East) - Kings Park",278,15263,1495,17032,
"Blacktown (North) - Marayong",397,18558,1630,20584,
"Doonside - Woodcroft",462,21168,1754,23384,
"Lalor Park - Kings Langley",678,22755,1934,25373,
"Blacktown - South",233,11428,984,12646,
"Blacktown - West",362,15346,1431,17141,
"Seven Hills - Prospect",336,13497,1030,14866,
"Toongabbie - West",210,10575,790,11578,
"Glenwood",241,14978,610,15829,
"Acacia Gardens",63,3508,93,3668,
"Quakers Hill",414,22834,1424,24670,
"Kellyville Ridge - The Ponds",296,19849,911,21058,
"Marsden Park - Shanes Park",132,14468,924,15524,
"Riverstone",200,12521,1124,13844,
"Schofields (West) - Colebee",93,9329,592,10011,
"Schofields - East",186,23392,1549,25130,
"Stanhope Gardens - Parklea",204,11005,1821,13034,
"Bidwill - Hebersham - Emerton",382,15501,2646,18536,
"Glendenning - Dean Park",121,7672,575,8374,
"Hassall Grove - Plumpton",356,19400,1660,21414,
"Lethbridge Park - Tregear",402,18364,2787,21551,
"Mount Druitt - Whalan",393,20114,2413,22918,
"Prospect Reservoir",0,5,4,12,
"Rooty Hill - Minchinbury",449,20421,1953,22826,
"Banksmeadow",5,408,92,508,
"Botany",265,11727,972,12960,
"Pagewood - Hillsdale - Daceyville",285,13325,1152,14762,
"Port Botany Industrial",0,5,0,6,
"Sydney Airport",0,17,4,19,
"Eastlakes",222,8076,640,8941,
"Mascot",279,19758,1540,21573,
"Petersham - Stanmore",427,18040,1431,19898,
"Sydenham - Tempe - St Peters",166,7610,501,8278,
"Marrickville - North",261,11174,873,12317,
"Marrickville - South",316,12994,973,14283,
"Darlinghurst",250,9394,968,10615,
"Erskineville - Alexandria",338,17576,1213,19126,
"Glebe - Forest Lodge",490,18096,1673,20262,
"Potts Point - Woolloomooloo",557,15588,2041,18187,
"Surry Hills",298,14059,1471,15828,
"Camperdown - Darlington",125,7619,584,8332,
"Chippendale",66,6998,739,7803,
"Newtown (NSW)",330,13358,977,14667,
"Pyrmont",292,11244,1120,12658,
"Redfern",338,12059,1280,13670,
"Rosebery - Beaconsfield",173,11250,870,12290,
"Sydney (North) - Millers Point",205,7050,750,8004,
"Sydney (South) - Haymarket",135,18077,1724,19935,
"Ultimo",71,6712,630,7410,
"Waterloo",295,14393,1691,16379,
"Zetland",116,11746,763,12622,
"Bondi - Tamarama - Bronte",411,17136,1508,19055,
"Bondi Beach - North Bondi",404,18578,1728,20705,
"Bondi Junction - Waverly",470,15795,1453,17720,
"Centennial Park",0,0,0,0,
"Dover Heights",263,10158,698,11122,
"Paddington - Moore Park",374,13415,1001,14793,
"Rose Bay - Vaucluse - Watsons Bay",423,10627,877,11924,
"Woollahra",253,6623,586,7454,
"Bellevue Hill",413,13099,915,14429,
"Double Bay - Darling Point",373,8843,744,9958,
"Kensington (NSW)",270,10681,862,11809,
"Kingsford",276,12466,863,13605,
"Maroubra - North",277,8889,623,9790,
"Maroubra - South",306,9884,894,11084,
"Maroubra - West",228,9111,507,9846,
"Randwick - North",388,14560,1255,16206,
"Randwick - South",310,11472,961,12735,
"Coogee - Clovelly",452,17762,1311,19521,
"Malabar - La Perouse",365,8515,1726,10610,
"Matraville - Chifley",367,11974,1076,13412,
"South Coogee",188,4925,500,5611,
"Bass Hill - Georges Hall",469,20506,2890,23855,
"Chullora",9,1335,124,1469,
"Condell Park",231,11261,1284,12773,
"Padstow",477,15558,1165,17200,
"Revesby",420,15814,1435,17664,
"Yagoona - Birrong",390,19841,2246,22484,
"Bankstown - North",240,15146,1592,16981,
"Bankstown - South",252,16141,2037,18434,
"Greenacre - North",281,12838,1523,14637,
"Greenacre - South",200,11832,1388,13416,
"Panania (North) - Milperra",340,10333,667,11340,
"Panania (South) - Picnic Point",441,14602,949,15994,
"Belmore - Belfield",456,17897,1981,20332,
"Punchbowl",360,19003,2177,21544,
"Roselands",335,13105,1139,14577,
"Lakemba",188,15165,1744,17092,
"Wiley Park",124,8943,1065,10135,
"Campsie - North",199,10780,929,11905,
"Campsie - South",132,7787,1149,9059,
"Canterbury - South",214,10818,1190,12220,
"Earlwood",513,16263,1193,17969,
"Kingsgrove - North",156,5713,391,6261,
"Narwee - Beverly Hills",345,12540,899,13791,
"Oatley - Hurstville Grove",439,11503,653,12594,
"Peakhurst - Lugarno",673,18276,1274,20220,
"Riverwood",281,10290,1032,11606,
"South Hurstville - Blakehurst",573,23103,1580,25259,
"Hurstville - Central",154,11176,712,12046,
"Hurstville - North",225,11115,770,12109,
"Mortdale - Oatley",411,13493,813,14715,
"Penshurst",196,8558,778,9528,
"Kingsgrove (South) - Bardwell Park",352,11874,746,12973,
"Kogarah",229,11687,1138,13051,
"Kogarah Bay - Carlton - Allawah",388,14715,1094,16200,
"Monterey - Brighton-le-Sands - Kyeemagh",368,12329,1202,13896,
"Rockdale - Banksia",384,17985,1482,19853,
"Sans Souci - Ramsgate",596,14775,1292,16659,
"Arncliffe - Bardwell Valley",309,14644,1621,16579,
"Bexley - North",238,9062,849,10145,
"Bexley - South",366,14406,1060,15831,
"Wolli Creek",73,9875,785,10731,
"Concord - Mortlake - Cabarita",817,21016,1277,23113,
"Drummoyne - Rodd Point",577,16577,1210,18366,
"Five Dock - Abbotsford",606,18887,1440,20933,
"Concord West - North Strathfield",279,11653,916,12842,
"Rhodes",97,10733,624,11453,
"Balmain",531,14003,1046,15579,
"Lilyfield - Rozelle",359,12573,889,13824,
"Annandale (NSW)",248,8500,712,9464,
"Leichhardt",415,16042,1071,17532,
"Canterbury (North) - Ashbury",270,11015,708,11999,
"Croydon Park - Enfield",460,15723,1250,17434,
"Dulwich Hill - Lewisham",418,16139,1391,17948,
"Haberfield - Summer Hill",364,12415,744,13520,
"Homebush",181,19133,1507,20822,
"Strathfield South",77,3370,192,3636,
"Ashfield - North",265,10521,663,11456,
"Ashfield - South",316,11233,691,12246,
"Burwood (NSW)",225,14508,1201,15942,
"Croydon",292,10052,648,10993,
"Strathfield - East",280,14999,1145,16420,
"Strathfield - West",222,8503,534,9253,
"Chatswood (West) - Lane Cove North",517,19670,1109,21294,
"St Leonards - Naremburn",268,10935,704,11903,
"Artarmon",176,8707,517,9406,
"Castle Cove - Northbridge",456,12330,650,13440,
"Chatswood - East",434,18092,1077,19601,
"Greenwich - Riverview",402,11895,637,12928,
"Lane Cove",387,14747,748,15888,
"Willoughby",347,11964,688,12996,
"Asquith - Mount Colah",574,20477,1008,22057,
"Berowra - Brooklyn - Cowan",394,10868,524,11790,
"Normanhurst - Thornleigh - Westleigh",603,17733,824,19158,
"Hornsby - East",231,11088,617,11943,
"Hornsby - West",254,9799,573,10629,
"Wahroonga (West) - Waitara",284,10929,663,11877,
"Gordon - Killara",619,20753,1066,22433,
"Lindfield - Roseville",731,22762,1101,24599,
"Pymble",483,15963,774,17221,
"St Ives",687,20184,789,21665,
"Turramurra",785,18652,811,20251,
"Wahroonga (East) - Warrawee",626,16718,852,18191,
"Cremorne - Cammeray",610,17295,997,18905,
"Crows Nest - Waverton",490,16545,889,17916,
"Neutral Bay - Kirribilli",593,15340,1254,17183,
"North Sydney - Lavender Bay",295,11187,956,12441,
"Mosman - North",500,12435,826,13763,
"Mosman - South",532,13265,771,14565,
"Balgowlah - Clontarf - Seaforth",627,19009,1099,20732,
"Manly - Fairlight",640,20355,1443,22438,
"Avalon - Palm Beach",535,11663,856,13052,
"Bayview - Elanora Heights",439,10031,771,11243,
"Newport - Bilgola",495,12384,798,13681,
"Mona Vale - Warriewood (North)",537,12966,1129,14634,
"North Narrabeen - Warriewood (South)",282,9865,722,10874,
"Beacon Hill - Narraweena",443,13167,933,14547,
"Cromer",265,7296,484,8046,
"Forestville - Killarney Heights",417,12065,682,13161,
"Freshwater - Brookvale",506,20012,1310,21828,
"Manly Vale - Allambie Heights",527,16097,933,17550,
"Terrey Hills - Duffys Forest",141,3422,222,3786,
"Belrose",335,7928,388,8652,
"Collaroy - Collaroy Plateau",437,12676,869,13980,
"Dee Why (South) - North Curl Curl",241,8309,563,9116,
"Dee Why - North",368,16412,1040,17816,
"Frenchs Forest - Oxford Falls",497,15877,798,17175,
"Narrabeen - Wheeler Heights",516,9992,743,11241,
"Camden - Ellis Lane",482,11929,893,13295,
"Currans Hill",120,5940,389,6445,
"Elderslie - Narellan",367,12699,950,14019,
"Harrington Park",256,10406,580,11241,
"Mount Annan",495,17388,1150,19040,
"Spring Farm",118,8927,491,9539,
"Bradbury - Wedderburn",478,17710,1822,20011,
"Campbelltown - Woodbine",542,19571,1979,22084,
"Claymore - Eagle Vale - Raby",457,18016,1762,20236,
"Holsworthy Military Area",0,5,0,5,
"Leumeah - Minto Heights",468,14899,1361,16729,
"Minto - St Andrews",470,19092,1771,21335,
"Rosemeadow - Glen Alpine",547,18667,1946,21155,
"Denham Court - Bardia",198,13929,747,14868,
"Glenfield",223,9655,657,10536,
"Ingleburn",362,15065,1294,16720,
"Macquarie Fields",301,12462,1436,14198,
"Bargo",206,5243,490,5934,
"Douglas Park - Appin",312,9796,995,11112,
"Picton - Tahmoor - Buxton",582,16935,1471,18987,
"The Oaks - Oakdale",283,8786,732,9808,
"Blackheath - Megalong Valley",271,5014,477,5764,
"Blaxland - Warrimoo - Lapstone",649,17340,999,18993,
"Blue Mountains - North",0,7,0,7,
"Katoomba - Leura",561,11895,888,13348,
"Lawson - Hazelbrook - Linden",408,10382,659,11445,
"Springwood - Winmalee",806,19861,1296,21964,
"Wentworth Falls",288,5654,493,6428,
"Blue Mountains - South",0,4,0,8,
"Cambridge Park",421,14214,1364,16004,
"Emu Plains - Leonay",450,12509,961,13914,
"Glenmore Park - Regentville",450,19403,1146,21002,
"Jamisontown - South Penrith",476,15550,1304,17326,
"Kingswood - Werrington",472,21792,2358,24625,
"Mulgoa - Luddenham - Orchard Hills",279,11016,748,12040,
"Penrith",454,15364,2148,17966,
"Warragamba - Silverdale",124,5481,418,6025,
"Cranebrook - Castlereagh",398,15318,1314,17029,
"Jordan Springs - Llandilo",176,12401,807,13388,
"Richmond - Clarendon",535,13408,1297,15239,
"Windsor - Bligh Park",383,13558,1320,15264,
"Yarramundi - Londonderry",174,5623,1700,7504,
"Erskine Park",132,5895,462,6486,
"St Clair",444,18005,1496,19942,
"Colyton - Oxley Park",254,11423,1347,13028,
"St Marys - North St Marys",352,14588,2387,17325,
"Rookwood Cemetery",0,3,0,3,
"Auburn - Central",176,17201,2107,19487,
"Auburn - North",98,9665,829,10592,
"Auburn - South",139,7770,953,8860,
"Berala",153,7811,646,8610,
"Lidcombe",273,19488,1439,21197,
"Regents Park",85,4702,345,5138,
"Silverwater - Newington",146,7390,1704,9246,
"Wentworth Point - Sydney Olympic Park",172,18897,1339,20412,
"Ermington - Rydalmere",573,22403,1664,24641,
"Oatlands - Dundas Valley",434,16817,1261,18508,
"Carlingford - East",293,10864,474,11622,
"Carlingford - West",433,17889,923,19251,
"Chester Hill - Sefton",347,17602,2882,20842,
"Fairfield - East",293,13633,1816,15742,
"Granville - Clyde",275,20522,2457,23250,
"Guildford - South Granville",337,18904,3144,22386,
"Guildford West - Merrylands West",451,20155,2321,22929,
"Smithfield Industrial",0,10,0,10,
"Yennora Industrial",0,11,0,12,
"Greystanes - South",420,14996,1233,16645,
"Merrylands - Holroyd",337,20734,2732,23806,
"Pemulwuy - Greystanes (North)",256,9862,778,10893,
"South Wentworthville",154,6428,726,7305,
"North Parramatta",401,20542,1933,22878,
"North Rocks",258,7804,386,8451,
"Northmead",351,18547,1380,20275,
"Toongabbie - Constitution Hill",605,20631,1621,22853,
"Winston Hills",354,10367,473,11199,
"Pendle Hill - Girraween",231,12496,1211,13939,
"Wentworthville - Westmead",234,19467,1864,21568,
"Parramatta - North",85,11076,903,12062,
"Parramatta - South",96,9025,745,9867,
"Rosehill - Harris Park",80,8235,713,9034,
"Pennant Hills - Cheltenham",666,20045,1035,21737,
"Epping (East) - North Epping",305,13478,620,14404,
"Epping (NSW) - West",399,17509,781,18690,
"Gladesville - Huntleys Point",424,14112,917,15456,
"Hunters Hill - Woolwich",332,8573,937,9844,
"Macquarie Park - Marsfield",493,21977,1347,23818,
"North Ryde - East Ryde",376,14245,996,15622,
"West Ryde - Meadowbank",401,18724,970,20102,
"Putney",137,3777,244,4163,
"Denistone",180,6498,293,6969,
"Eastwood",387,17577,1019,18974,
"Ryde - North",491,18601,1192,20291,
"Ryde - South",173,11002,787,11972,
"Ashcroft - Busby - Miller",327,15231,2407,17962,
"Austral - Greendale",218,10984,1326,12533,
"Badgerys Creek",5,21,0,25,
"Cecil Hills",123,6369,415,6906,
"Green Valley",199,11763,962,12919,
"Hinchinbrook",214,11953,864,13038,
"Hoxton Park - Carnes Hill - Horningsea Park",170,12165,932,13263,
"West Hoxton - Middleton Grange",199,15880,1110,17194,
"Cobbitty - Bringelly",138,4269,350,4761,
"Gledswood Hills - Gregory Hills",162,13349,783,14299,
"Leppington - Catherine Field",213,11621,734,12559,
"Oran Park",212,16311,1096,17624,
"Bonnyrigg Heights - Bonnyrigg",297,15554,1303,17154,
"Bossley Park - Abbotsbury",498,17683,1511,19690,
"Cabramatta - Lansvale",318,21396,2389,24101,
"Cabramatta West - Mount Pritchard",332,16165,1757,18249,
"Canley Vale - Canley Heights",315,19904,2032,22261,
"Edensor Park",212,9312,748,10279,
"Fairfield",336,16106,1799,18248,
"Fairfield - West",374,19007,1869,21249,
"Greenfield Park - Prairiewood",179,8061,612,8855,
"Horsley Park - Kemps Creek",122,3819,393,4344,
"Smithfield - Wetherill Park",444,17574,1490,19510,
"St Johns Park - Wakeley",254,10242,700,11197,
"Wetherill Park Industrial",0,35,7,37,
"Casula",337,14866,1375,16584,
"Chipping Norton - Moorebank",470,18897,1439,20813,
"Holsworthy - Wattle Grove",408,19105,1614,21129,
"Lurnea - Cartwright",222,10930,1522,12670,
"Warwick Farm",98,5107,731,5937,
"Edmondson Park",81,11160,838,12080,
"Liverpool - East",215,14961,2365,17536,
"Liverpool - West",276,11985,1484,13737,
"Prestons",223,14441,1038,15692,
"Gymea - Grays Point",581,16574,1008,18156,
"Miranda - Yowie Bay",657,18707,1342,20705,
"Sylvania - Taren Point",680,14566,1185,16430,
"Caringbah",371,11546,941,12858,
"Caringbah South",465,11787,764,13015,
"Cronulla - Kurnell - Bundeena",851,21673,1854,24374,
"Lilli Pilli - Port Hacking - Dolans Bay",104,3071,196,3369,
"Woolooware - Burraneer",281,8175,487,8947,
"Heathcote - Waterfall",299,6023,351,6673,
"Illawong - Alfords Point",335,9726,498,10554,
"Menai - Lucas Heights - Woronora",660,19289,977,20927,
"Oyster Bay - Como - Jannali",678,20214,1167,22063,
"Royal National Park",0,26,18,42,
"Sutherland - Kirrawee",747,21115,1370,23238,
"Engadine",576,15825,955,17356,
"Loftus - Yarrawarrah",255,6721,371,7348,
"Woronora Heights",108,3239,191,3539,
"Migratory - Offshore - Shipping (NSW)",0,0,0,0,
"No usual address (NSW)",260,7126,3980,11371,
