sa2,None of the selected conditions,One condition,Two conditions,Three or more conditions,Not stated
Braidwood,2474,938,319,165,454
Karabar,5075,1760,595,336,749
Queanbeyan,6975,2258,840,421,851
Queanbeyan - East,3232,1004,350,149,351
Queanbeyan West - Jerrabomberra,8557,2521,649,258,754
Googong,4502,1095,239,57,332
Queanbeyan Surrounds,10385,3452,932,427,1342
Bombala,1416,483,187,91,273
Cooma,3764,1453,521,318,705
Cooma Surrounds,1976,717,239,125,415
Jindabyne - Berridale,5274,1390,397,156,821
Batemans Bay,4498,2002,760,476,850
Batemans Bay - South,4581,2149,829,491,894
Bega - Tathra,4906,2002,738,361,868
Bega-Eden Hinterland,5471,2084,722,381,904
Broulee - Tomakin,2132,876,314,178,291
Deua - Wadbilliga,20,5,4,4,5
Eden,1737,776,311,206,399
Eurobodalla Hinterland,1978,731,258,124,434
Merimbula - Tura Beach,6363,2693,985,578,883
Moruya - Tuross Head,4474,2032,755,443,896
Narooma - Bermagui,5181,2323,900,536,948
Goulburn,13312,5330,2107,1265,2557
Goulburn Surrounds,7773,2953,1086,569,1464
Yass,3734,1562,591,350,523
Yass Surrounds,7923,2616,780,345,1054
Young,6233,2333,876,530,1043
Young Surrounds,4167,1582,651,391,889
Avoca Beach - Copacabana,5170,1396,331,137,476
Box Head - MacMasters Beach,6723,2407,799,379,732
Calga - Kulnura,2816,944,304,156,510
Erina - Green Point,8508,3229,1293,812,916
Gosford - Springfield,12648,4565,1506,804,1680
Kariong,4186,1341,353,170,425
Kincumber - Picketts Valley,4280,1774,609,376,577
Narara,4504,1559,466,246,383
Niagara Park - Lisarow,5115,1794,551,303,446
Point Clare - Koolewong,3949,1423,472,325,398
Saratoga - Davistown,4302,1630,512,228,487
Terrigal - North Avoca,9858,2828,791,319,1051
Umina - Booker Bay - Patonga,13821,5487,2124,1135,2124
Wamberal - Forresters Beach,7098,2093,522,252,712
Woy Woy - Blackwall,7838,3285,1286,765,1171
Wyoming,6394,2580,1014,551,875
Bateau Bay - Killarney Vale,13235,4845,1695,990,2071
Blue Haven - San Remo,6336,2560,901,552,942
Budgewoi - Buff Point - Halekulani,5116,2241,916,580,880
Chittaway Bay - Tumbi Umbi,9629,3504,1147,586,1142
Gorokan - Kanwal - Charmhaven,11614,5102,2048,1349,2252
Jilliby - Yarramalong,2210,673,181,91,265
Lake Munmorah - Mannering Park,5418,2698,1168,776,901
Ourimbah - Fountaindale,3039,1096,323,140,329
Summerland Point - Gwandalan,3637,1469,562,296,529
The Entrance,8612,3591,1290,842,1508
Toukley - Norah Head,5159,2298,917,648,888
Tuggerah - Kangy Angy,3233,1093,380,189,340
Warnervale - Wadalba,12307,4252,1322,695,1477
Wyong,4934,1985,750,478,977
Bathurst - East,7309,2741,897,434,949
Bathurst Surrounds,4087,1340,443,213,828
Oberon,2536,950,373,179,790
Bathurst - South,5397,2343,903,545,1569
Bathurst - West,8552,3215,1008,455,1085
Condobolin,3470,1273,428,291,920
Cowra,5048,2037,823,469,896
Cowra Surrounds,3028,1191,483,300,721
Forbes,5625,1943,776,500,1173
Grenfell,1936,774,329,222,326
Parkes (NSW),6188,2353,857,463,1056
Parkes Surrounds,1792,624,239,170,433
West Wyalong,3175,1095,394,209,656
Lithgow,6353,2769,1116,702,1448
Lithgow Surrounds,4764,1833,645,331,875
Mudgee,7644,2615,779,400,1126
Mudgee Surrounds - East,1677,792,327,187,416
Mudgee Surrounds - West,6434,2169,771,423,1280
Wollangambe - Wollemi,0,0,0,0,0
Blayney,4405,1562,540,301,710
Orange,10459,4248,1591,936,1784
Orange - North,14329,4703,1423,644,1793
Orange Surrounds,7364,2293,733,335,1107
Grafton,10066,4449,1749,1174,1820
Grafton Surrounds,8526,3498,1339,796,2717
Maclean - Yamba - Iluka,9365,3892,1691,1076,1501
Bellingen,3810,1168,342,195,646
Coffs Harbour - North,10280,3856,1456,874,1633
Coffs Harbour - South,6207,2328,873,622,1270
Coramba - Nana Glen - Bucca,2455,765,254,108,366
Dorrigo,1782,653,259,141,417
Korora - Emerald Beach,6632,2067,553,288,725
Sawtell - Boambee,11252,4616,1627,888,1678
Urunga,2693,1114,400,239,465
Woolgoolga - Arrawarra,8653,2988,1046,608,1172
Bourke - Brewarrina,1921,548,144,126,683
Cobar,2330,732,238,138,695
Coonamble,2055,741,299,180,654
Nyngan - Warren,2667,825,341,187,575
Walgett - Lightning Ridge,2534,888,349,221,1541
Broken Hill,8756,4015,1634,1064,2120
Far West,1259,367,123,79,463
Coonabarabran,3940,1634,635,407,1308
Dubbo - East,5963,2157,784,439,1294
Dubbo - South,11584,3946,1293,723,2087
Dubbo - West,5880,2082,690,428,1237
Dubbo Surrounds,3505,1174,388,188,710
Gilgandra,2368,911,313,183,622
Narromine,3474,1249,436,241,1064
Wellington,4221,1529,678,460,1872
Branxton - Greta - Pokolbin,8067,2682,768,381,866
Cessnock,11298,5310,2047,1423,3408
Cessnock Surrounds,5404,1998,690,304,743
Dungog,5631,2086,792,381,654
Kurri Kurri - Abermain,11311,4782,1773,1023,1744
Singleton,10399,3439,1031,612,1536
Singleton Surrounds,3245,1019,327,171,574
Maitland,5112,1954,622,350,578
Maitland - North,5426,1896,545,252,605
East Maitland - Metford,10194,4136,1489,776,1381
Rutherford (North) - Aberglasslyn,10510,3834,1265,791,1336
Rutherford (South) - Telarah,4305,1869,643,418,750
Tenambit - East Maitland,5554,2472,895,502,665
Thornton - Millers Forest,10086,3429,1000,442,945
Anna Bay,3559,1440,594,298,551
Lemon Tree Passage - Tanilba Bay,3493,1619,732,484,554
Nelson Bay Peninsula,11931,5332,1983,1024,1702
Raymond Terrace,7657,3466,1308,774,1388
Seaham - Woodville,3522,1238,340,143,445
Tea Gardens - Hawks Nest,2618,1528,686,399,575
Williamtown - Medowie - Karuah,8761,3347,1222,599,1092
Muswellbrook,6955,2547,862,509,1396
Muswellbrook Surrounds,2422,840,264,147,412
Scone,3719,1203,387,208,515
Scone Surrounds,4861,1632,581,333,793
Dapto - Avondale,13810,5616,2025,1108,1642
Horsley - Kembla Grange,7951,2438,743,315,710
Port Kembla Industrial,0,4,0,0,0
Unanderra - Mount Kembla,9452,3286,1057,573,911
Berkeley - Lake Heights - Cringila,8290,2976,1090,623,1216
Port Kembla - Warrawong,5564,1990,767,544,874
Windang - Primbee,2255,960,395,259,367
Illawarra Catchment Reserve,9,0,0,0,0
Albion Park - Macquarie Pass,12245,3834,1141,513,1300
Albion Park Rail,3641,1636,665,412,564
Kiama,5277,1870,656,376,602
Kiama Downs - Minnamurra,3858,1251,389,178,387
Kiama Hinterland - Gerringong,4982,1758,551,230,622
Shellharbour - Flinders,12605,3712,1101,506,1415
Shellharbour - Oak Flats,6064,2368,809,493,854
Warilla,10993,4502,1838,1062,1994
Balgownie - Fairy Meadow,13448,4288,1427,780,1574
Corrimal - Tarrawanna - Bellambi,9665,3359,1155,718,1145
Figtree - Keiraville,14968,4502,1196,519,1587
Helensburgh,6119,1798,466,233,516
Thirroul - Austinmer - Coalcliff,8089,2295,607,231,738
Woonona - Bulli - Russell Vale,13187,4219,1290,810,1245
Wollongong - East,10073,3225,1060,536,1126
Wollongong - West,10610,3209,999,442,1291
Bulahdelah - Stroud,2829,1139,401,262,601
Forster,7482,3473,1499,986,1271
Forster-Tuncurry Surrounds,3844,1546,529,328,737
Tuncurry,2937,1633,744,595,459
Kempsey,7388,3416,1377,970,2502
Kempsey Surrounds,5257,1977,707,469,1064
Macksville - Scotts Head,2777,1177,474,290,479
Nambucca Heads,3286,1662,792,603,770
Nambucca Heads Surrounds,4495,1691,658,352,914
South West Rocks,2878,1305,556,415,476
Lord Howe Island,316,71,16,8,39
Laurieton - Bonny Hills,9597,4618,1909,1158,1198
Port Macquarie - West,11149,5048,1926,1268,1750
Port Macquarie Surrounds,3115,1090,360,192,533
Wauchope,7249,2870,1039,588,1059
Port Macquarie - East,7065,2581,848,425,839
Port Macquarie - South,9924,4004,1464,856,1035
Gloucester,2916,1208,459,278,450
Old Bar - Manning Point - Red Head,6824,2942,1067,605,1037
Taree,10510,4985,1943,1395,2283
Taree Surrounds,6871,3052,1206,766,1149
Wingham,2815,1247,492,337,498
Albury - East,11353,3714,1084,533,1151
Albury - North,5838,2359,825,450,1061
Albury - South,6091,2276,818,430,900
Albury Surrounds,7427,2531,809,448,1291
Lavington,8594,3500,1336,788,1447
Hay,1524,617,224,122,415
Wentworth - Buronga,3701,1272,408,274,855
Wentworth-Balranald Region,2120,578,197,114,642
Corowa,2930,1377,485,328,477
Corowa Surrounds,3868,1619,592,365,824
Deniliquin,3715,1598,607,319,807
Deniliquin Surrounds,3941,1377,506,249,768
Moama,4090,1477,493,304,567
Tocumwal - Finley - Jerilderie,4981,2168,885,523,1223
Armidale,13957,4866,1557,745,2846
Armidale Surrounds - North,2585,833,273,164,683
Armidale Surrounds - South,3403,1298,452,256,479
Walcha,1753,643,225,149,374
Glen Innes,4511,1909,777,497,1228
Inverell,6778,2462,899,521,1399
Inverell Surrounds - East,2784,1045,410,280,688
Inverell Surrounds - West,3139,1193,456,280,668
Tenterfield,3518,1448,638,430,780
Moree,4172,1357,426,266,1633
Moree Surrounds,2829,732,194,123,1470
Narrabri,3909,1517,498,250,726
Narrabri Surrounds,2505,908,285,150,770
Gunnedah,5550,1950,614,391,1240
Gunnedah Surrounds,2542,830,269,159,560
Quirindi,4067,1513,555,349,1066
Tamworth - East,11982,4789,1689,847,2056
Tamworth - North,9559,3363,1225,762,1605
Tamworth - West,3219,1168,397,225,988
Tamworth Surrounds,10848,4217,1394,884,1689
Belmont - Bennetts Green,10183,4132,1505,818,1225
Belmont South - Blacksmiths,3123,1331,473,296,453
Charlestown - Dudley,15591,5456,1700,878,1624
Glendale - Cardiff - Hillsborough,14538,5799,1851,945,1455
Mount Hutton - Windale,4700,2251,949,647,958
Redhead,2160,819,268,235,293
Swansea - Caves Beach,7111,2905,1035,660,846
Valentine - Eleebana,7860,2816,866,352,675
Warners Bay - Boolaroo,8620,3384,1177,583,926
Bolton Point - Teralba,5374,2295,892,545,1025
Bonnells Bay - Silverwater,5401,2333,834,449,680
Edgeworth - Cameron Park,9847,3705,1128,626,1072
Morisset - Cooranbong,9835,4172,1750,1078,1299
Toronto - Awaba,7467,3299,1295,826,1065
Wangi Wangi - Rathmines,5285,2249,760,432,740
West Wallsend - Barnsley - Killingworth,4218,1711,559,285,476
Adamstown - Kotara,10741,3468,970,458,968
Beresfield - Hexham,4537,2021,842,474,690
Hamilton - Broadmeadow,7385,2789,928,488,1185
Lambton - New Lambton,10638,3789,1163,608,1150
Maryland - Fletcher - Minmi,10711,3379,955,457,919
Mayfield - Warabrook,8752,3606,1270,769,1132
Merewether - The Junction,9592,2864,775,346,925
Newcastle - Cooks Hill,8052,2704,791,278,984
Newcastle Port - Kooragang,13,9,3,3,5
Shortland - Jesmond,7208,2449,853,412,1674
Stockton - Fullerton Cove,4865,1965,747,491,759
Wallsend - Elermore Vale,11669,4881,1798,1143,1461
Waratah - North Lambton,7471,2858,926,509,1120
Wickham - Carrington - Tighes Hill,5780,1995,555,234,599
Ballina,9962,4328,1672,1045,1625
Ballina Surrounds,11206,3944,1212,584,1373
Bangalow,4540,1133,277,86,927
Brunswick Heads - Ocean Shores,5788,1661,466,202,1051
Byron Bay,7318,1735,445,184,1238
Evans Head,2969,1254,474,288,655
Lennox Head - Skennars Head,6251,1645,424,164,752
Mullumbimby,5491,1480,344,198,1383
Casino,6389,2659,1134,724,1392
Casino Surrounds,3924,1569,512,300,1072
Goonellabah,7456,3116,1187,714,1119
Kyogle,4161,1596,615,338,900
Lismore,8136,3508,1281,675,1638
Lismore Surrounds,9539,3132,916,366,1829
Kingscliff - Fingal Head,9235,2902,945,526,1203
Murwillumbah,5306,2018,767,420,1002
Murwillumbah Surrounds,6125,1953,610,286,1374
Pottsville,8817,2668,798,413,1389
Tweed Heads,11566,4419,1555,909,2122
Banora Point,9222,3743,1325,812,1223
Terranora - North Tumbulgum,2140,674,166,77,264
Tweed Heads South,4165,2044,828,681,704
Griffith (NSW),13162,3712,1093,598,2008
Griffith Surrounds,7282,2405,754,408,1904
Leeton,6009,2193,700,376,1055
Narrandera,3177,1196,450,310,774
Tumbarumba,1906,758,224,147,485
Tumut,3690,1421,575,320,664
Tumut Surrounds,2725,966,323,184,547
Cootamundra,3950,1774,747,519,711
Gundagai,2149,664,245,162,493
Junee,3044,1219,438,311,1336
Temora,3729,1507,504,327,535
Wagga Wagga - East,10202,3723,1199,616,1178
Wagga Wagga - North,3643,1032,308,111,505
Wagga Wagga - South,13507,4814,1513,901,1786
Wagga Wagga - West,6667,2491,996,627,1185
Wagga Wagga Surrounds,10919,3334,1177,583,1772
Berry - Kangaroo Valley,5456,2149,753,394,732
Callala Bay - Currarong,1900,933,328,199,285
Culburra Beach,2759,1142,520,325,357
Ettrema - Sassafras - Budawang,37,15,0,0,8
Huskisson - Vincentia,2813,1061,398,187,390
North Nowra - Bomaderry,8991,3556,1375,859,1320
Nowra,11745,4644,1897,1239,3063
St Georges Basin - Erowal Bay,7558,3666,1579,1089,1368
Sussex Inlet - Berrara,2168,1140,503,386,496
Tomerong - Wandandian - Woollamia,2163,785,263,127,371
Ulladulla,9435,3807,1531,880,1375
Ulladulla Surrounds,3239,1281,508,252,530
Bowral,7950,3088,1039,554,999
Hill Top - Colo Vale,4021,1318,432,200,420
Mittagong,6672,2315,795,408,737
Moss Vale - Berrima,6265,2252,771,406,954
Robertson - Fitzroy Falls,2329,842,233,97,338
Southern Highlands,4313,1627,515,212,580
Baulkham Hills - East,17947,4079,1081,529,1092
Baulkham Hills (West) - Bella Vista,15803,3638,900,351,987
Glenhaven,4121,1273,443,190,334
West Pennant Hills,9063,2281,584,232,528
Castle Hill - Central,5605,1273,333,126,337
Castle Hill - East,3401,1095,413,216,545
Castle Hill - North,8779,2127,507,215,568
Castle Hill - South,7625,1711,430,162,491
Castle Hill - West,3931,816,172,74,182
Cherrybrook,13921,3259,791,350,768
Kellyville - East,13208,2879,658,273,694
Kellyville - West,8670,1594,370,182,561
Dural - Kenthurst - Wisemans Ferry,15365,4062,1100,535,1421
Galston - Laughtondale,3492,1097,273,149,419
Bilpin - Colo - St Albans,1732,538,149,76,349
Kurrajong Heights - Ebenezer,14638,4369,1214,537,1404
Pitt Town - McGraths Hill,7643,2066,569,244,896
Box Hill - Nelson,8051,1393,279,73,492
North Kellyville,13680,2254,388,116,969
Rouse Hill - Beaumont Hills,13289,2754,621,222,692
Blacktown (East) - Kings Park,11953,2447,709,421,1495
Blacktown (North) - Marayong,13962,3349,1045,597,1630
Doonside - Woodcroft,15904,3907,1136,680,1754
Lalor Park - Kings Langley,16339,4802,1485,810,1934
Blacktown - South,8640,2083,611,328,984
Blacktown - West,11537,2717,932,522,1431
Seven Hills - Prospect,10125,2587,729,394,1030
Toongabbie - West,8314,1692,534,254,790
Glenwood,11832,2564,589,234,610
Acacia Gardens,2764,617,129,62,93
Quakers Hill,17865,4023,958,404,1424
Kellyville Ridge - The Ponds,16089,3115,691,253,911
Marsden Park - Shanes Park,12393,1723,351,136,924
Riverstone,9680,2239,550,255,1124
Schofields (West) - Colebee,7841,1258,248,83,592
Schofields - East,19930,2993,497,151,1549
Stanhope Gardens - Parklea,8650,1904,448,211,1821
Bidwill - Hebersham - Emerton,10359,3482,1261,777,2646
Glendenning - Dean Park,5726,1488,376,207,575
Hassall Grove - Plumpton,14626,3692,936,497,1660
Lethbridge Park - Tregear,12767,3752,1353,887,2787
Mount Druitt - Whalan,14964,3591,1145,803,2413
Prospect Reservoir,5,4,0,0,4
Rooty Hill - Minchinbury,15293,3814,1165,598,1953
Banksmeadow,345,57,8,0,92
Botany,9082,2203,489,220,972
Pagewood - Hillsdale - Daceyville,10384,2249,646,326,1152
Port Botany Industrial,4,3,0,0,0
Sydney Airport,11,4,0,0,4
Eastlakes,6026,1586,447,244,640
Mascot,16915,2391,534,200,1540
Petersham - Stanmore,12802,4327,1003,336,1431
Sydenham - Tempe - St Peters,5683,1575,398,118,501
Marrickville - North,8086,2498,638,210,873
Marrickville - South,9269,2903,781,352,973
Darlinghurst,7151,1928,444,132,968
Erskineville - Alexandria,13496,3547,683,191,1213
Glebe - Forest Lodge,13347,3839,1011,386,1673
Potts Point - Woolloomooloo,11538,3405,881,334,2041
Surry Hills,10715,2674,703,265,1471
Camperdown - Darlington,5749,1629,296,71,584
Chippendale,5961,877,181,45,739
Newtown (NSW),9564,3185,717,218,977
Pyrmont,9127,1813,435,161,1120
Redfern,8735,2573,728,351,1280
Rosebery - Beaconsfield,9410,1603,322,86,870
Sydney (North) - Millers Point,5814,1106,258,76,750
Sydney (South) - Haymarket,16547,1328,272,63,1724
Ultimo,5800,764,177,42,630
Waterloo,11203,2497,638,355,1691
Zetland,10097,1443,266,53,763
Bondi - Tamarama - Bronte,13865,2802,618,270,1508
Bondi Beach - North Bondi,15351,2850,559,223,1728
Bondi Junction - Waverly,12506,2678,728,353,1453
Centennial Park,0,0,0,0,0
Dover Heights,8255,1671,363,144,698
Paddington - Moore Park,10543,2520,563,169,1001
Rose Bay - Vaucluse - Watsons Bay,8413,1950,494,191,877
Woollahra,5139,1278,325,130,586
Bellevue Hill,10446,2335,551,178,915
Double Bay - Darling Point,6740,1828,482,163,744
Kensington (NSW),8450,1895,426,180,862
Kingsford,9992,2057,505,187,863
Maroubra - North,6936,1559,454,216,623
Maroubra - South,7382,1921,555,334,894
Maroubra - West,7292,1531,366,158,507
Randwick - North,11553,2620,583,197,1255
Randwick - South,9102,2031,474,177,961
Coogee - Clovelly,14400,3046,573,189,1311
Malabar - La Perouse,6315,1667,596,308,1726
Matraville - Chifley,8949,2408,676,301,1076
South Coogee,3668,1014,289,138,500
Bass Hill - Georges Hall,15602,3589,1120,660,2890
Chullora,1147,158,25,16,124
Condell Park,8899,1826,512,256,1284
Padstow,11642,2984,913,499,1165
Revesby,12157,2848,809,410,1435
Yagoona - Birrong,15396,3330,986,513,2246
Bankstown - North,12309,2266,532,283,1592
Bankstown - South,13022,2409,617,344,2037
Greenacre - North,9848,2164,697,410,1523
Greenacre - South,9236,1918,578,302,1388
Panania (North) - Milperra,7757,1992,601,321,667
Panania (South) - Picnic Point,11006,2839,805,392,949
Belmore - Belfield,13950,3035,896,469,1981
Punchbowl,14911,3141,824,490,2177
Roselands,10249,2287,604,296,1139
Lakemba,12479,1969,550,357,1744
Wiley Park,7297,1252,317,196,1065
Campsie - North,8865,1500,400,207,929
Campsie - South,6514,1028,249,126,1149
Canterbury - South,8616,1774,439,196,1190
Earlwood,12287,3187,889,416,1193
Kingsgrove - North,4420,1040,271,134,391
Narwee - Beverly Hills,9672,2301,584,338,899
Oatley - Hurstville Grove,9011,2103,586,238,653
Peakhurst - Lugarno,13658,3513,1155,622,1274
Riverwood,7719,1853,654,354,1032
South Hurstville - Blakehurst,18999,3349,917,416,1580
Hurstville - Central,9829,1137,266,101,712
Hurstville - North,9052,1647,452,189,770
Mortdale - Oatley,10471,2439,684,313,813
Penshurst,6798,1428,366,161,778
Kingsgrove (South) - Bardwell Park,9173,2169,622,255,746
Kogarah,9541,1689,453,236,1138
Kogarah Bay - Carlton - Allawah,11678,2395,700,338,1094
Monterey - Brighton-le-Sands - Kyeemagh,9333,2350,670,344,1202
Rockdale - Banksia,14623,2576,791,378,1482
Sans Souci - Ramsgate,11016,2956,904,493,1292
Arncliffe - Bardwell Valley,11715,2334,619,293,1621
Bexley - North,6974,1556,481,287,849
Bexley - South,11489,2271,667,341,1060
Wolli Creek,8808,944,147,43,785
Concord - Mortlake - Cabarita,16125,4026,1136,540,1277
Drummoyne - Rodd Point,12696,3301,816,343,1210
Five Dock - Abbotsford,14286,3688,1050,463,1440
Concord West - North Strathfield,9346,1937,450,190,916
Rhodes,9539,1046,188,63,624
Balmain,10625,2951,695,271,1046
Lilyfield - Rozelle,9541,2559,595,236,889
Annandale (NSW),6326,1820,431,178,712
Leichhardt,12078,3288,817,272,1071
Canterbury (North) - Ashbury,8465,2068,529,237,708
Croydon Park - Enfield,11849,3069,862,405,1250
Dulwich Hill - Lewisham,11563,3712,953,334,1391
Haberfield - Summer Hill,8937,2778,725,344,744
Homebush,16731,2040,386,164,1507
Strathfield South,2615,605,158,62,192
Ashfield - North,8084,1917,537,250,663
Ashfield - South,8296,2167,714,376,691
Burwood (NSW),12616,1556,393,171,1201
Croydon,7650,1934,510,244,648
Strathfield - East,12863,1713,459,243,1145
Strathfield - West,6674,1466,414,170,534
Chatswood (West) - Lane Cove North,15809,3284,805,294,1109
St Leonards - Naremburn,8871,1812,376,142,704
Artarmon,7038,1408,312,123,517
Castle Cove - Northbridge,9709,2266,584,223,650
Chatswood - East,15094,2535,620,274,1077
Greenwich - Riverview,9282,2303,536,175,637
Lane Cove,11650,2657,628,208,748
Willoughby,9348,2194,542,226,688
Asquith - Mount Colah,15460,4181,1036,371,1008
Berowra - Brooklyn - Cowan,7851,2537,617,255,524
Normanhurst - Thornleigh - Westleigh,13235,3765,982,351,824
Hornsby - East,8925,1766,437,194,617
Hornsby - West,7507,1878,507,173,573
Wahroonga (West) - Waitara,8640,1817,519,241,663
Gordon - Killara,16750,3467,857,292,1066
Lindfield - Roseville,18161,4064,933,338,1101
Pymble,12784,2792,634,229,774
St Ives,15786,3732,967,392,789
Turramurra,14141,3730,1072,488,811
Wahroonga (East) - Warrawee,12849,3348,841,310,852
Cremorne - Cammeray,13438,3343,828,299,997
Crows Nest - Waverton,12792,3251,740,253,889
Neutral Bay - Kirribilli,11768,3013,804,353,1254
North Sydney - Lavender Bay,8958,1960,412,150,956
Mosman - North,9578,2430,676,250,826
Mosman - South,10428,2494,633,246,771
Balgowlah - Clontarf - Seaforth,15209,3387,755,285,1099
Manly - Fairlight,16254,3594,823,319,1443
Avalon - Palm Beach,8900,2468,599,236,856
Bayview - Elanora Heights,7411,2226,565,268,771
Newport - Bilgola,9484,2544,625,226,798
Mona Vale - Warriewood (North),9595,2717,778,424,1129
North Narrabeen - Warriewood (South),7693,1867,421,166,722
Beacon Hill - Narraweena,9978,2558,717,357,933
Cromer,5520,1439,409,200,484
Forestville - Killarney Heights,9295,2334,586,266,682
Freshwater - Brookvale,15995,3472,774,277,1310
Manly Vale - Allambie Heights,12588,2945,772,317,933
Terrey Hills - Duffys Forest,2491,735,223,115,222
Belrose,5610,1769,590,296,388
Collaroy - Collaroy Plateau,9853,2399,600,256,869
Dee Why (South) - North Curl Curl,6657,1452,319,121,563
Dee Why - North,13217,2648,641,270,1040
Frenchs Forest - Oxford Falls,12238,3074,785,275,798
Narrabeen - Wheeler Heights,7092,2200,740,467,743
Camden - Ellis Lane,8175,2723,939,573,893
Currans Hill,4422,1202,299,138,389
Elderslie - Narellan,9217,2671,776,402,950
Harrington Park,7988,1989,472,216,580
Mount Annan,12754,3738,935,464,1150
Spring Farm,6923,1639,365,118,491
Bradbury - Wedderburn,12102,3954,1351,777,1822
Campbelltown - Woodbine,13855,4188,1302,764,1979
Claymore - Eagle Vale - Raby,12842,3832,1131,659,1762
Holsworthy Military Area,4,0,0,0,0
Leumeah - Minto Heights,10146,3488,1137,601,1361
Minto - St Andrews,13899,3795,1196,678,1771
Rosemeadow - Glen Alpine,12572,4244,1529,869,1946
Denham Court - Bardia,11796,1798,358,168,747
Glenfield,7421,1515,529,416,657
Ingleburn,11053,2959,926,489,1294
Macquarie Fields,8923,2503,828,507,1436
Bargo,3553,1236,422,240,490
Douglas Park - Appin,7283,1988,548,295,995
Picton - Tahmoor - Buxton,11637,3941,1299,639,1471
The Oaks - Oakdale,6495,1792,559,229,732
Blackheath - Megalong Valley,3227,1376,452,231,477
Blaxland - Warrimoo - Lapstone,12138,4140,1169,545,999
Blue Mountains - North,5,6,0,0,0
Katoomba - Leura,7721,3067,1105,570,888
Lawson - Hazelbrook - Linden,6825,2701,850,406,659
Springwood - Winmalee,13286,5065,1545,771,1296
Wentworth Falls,3672,1500,484,278,493
Blue Mountains - South,0,0,0,0,0
Cambridge Park,9471,3490,1127,547,1364
Emu Plains - Leonay,8710,2901,846,502,961
Glenmore Park - Regentville,14383,3954,1081,437,1146
Jamisontown - South Penrith,10764,3570,1131,558,1304
Kingswood - Werrington,15705,4367,1418,766,2358
Mulgoa - Luddenham - Orchard Hills,8482,2106,510,193,748
Penrith,9896,3795,1304,818,2148
Warragamba - Silverdale,3985,1203,295,124,418
Cranebrook - Castlereagh,10788,3459,973,494,1314
Jordan Springs - Llandilo,9813,2069,495,201,807
Richmond - Clarendon,8801,3301,1158,689,1297
Windsor - Bligh Park,9273,3123,990,555,1320
Yarramundi - Londonderry,4113,1167,342,175,1700
Erskine Park,4318,1248,331,126,462
St Clair,13039,3734,1157,514,1496
Colyton - Oxley Park,8141,2360,762,414,1347
St Marys - North St Marys,10106,3104,1124,613,2387
Rookwood Cemetery,6,0,0,0,0
Auburn - Central,14705,1973,455,248,2107
Auburn - North,8495,907,238,121,829
Auburn - South,6270,1157,297,182,953
Berala,6380,1159,282,149,646
Lidcombe,16425,2479,568,291,1439
Regents Park,3755,746,184,104,345
Silverwater - Newington,6133,1124,204,79,1704
Wentworth Point - Sydney Olympic Park,16507,2085,384,87,1339
Ermington - Rydalmere,17577,3809,1038,555,1664
Oatlands - Dundas Valley,13039,2950,840,415,1261
Carlingford - East,8616,1827,463,249,474
Carlingford - West,14630,2754,669,273,923
Chester Hill - Sefton,13851,2864,823,418,2882
Fairfield - East,10221,2393,800,505,1816
Granville - Clyde,16962,2749,701,386,2457
Guildford - South Granville,14866,2973,877,516,3144
Guildford West - Merrylands West,15606,3448,1024,534,2321
Smithfield Industrial,11,0,0,0,0
Yennora Industrial,4,5,0,0,0
Greystanes - South,11306,2839,858,416,1233
Merrylands - Holroyd,16700,3052,850,472,2732
Pemulwuy - Greystanes (North),7683,1708,497,226,778
South Wentworthville,5016,1074,322,163,726
North Parramatta,16214,3334,922,472,1933
North Rocks,5973,1489,397,206,386
Northmead,14895,2884,795,322,1380
Toongabbie - Constitution Hill,15507,3875,1205,642,1621
Winston Hills,7673,2164,617,272,473
Pendle Hill - Girraween,10087,1838,518,292,1211
Wentworthville - Westmead,16225,2458,656,363,1864
Parramatta - North,9869,1018,204,64,903
Parramatta - South,7831,932,239,123,745
Rosehill - Harris Park,7056,927,217,117,713
Pennant Hills - Cheltenham,15311,3934,1031,435,1035
Epping (East) - North Epping,11047,2134,433,165,620
Epping (NSW) - West,14537,2564,584,220,781
Gladesville - Huntleys Point,10750,2839,662,290,917
Hunters Hill - Woolwich,6574,1709,413,206,937
Macquarie Park - Marsfield,17707,3439,900,422,1347
North Ryde - East Ryde,11138,2557,668,256,996
West Ryde - Meadowbank,15191,2957,696,287,970
Putney,2955,698,183,82,244
Denistone,5169,1114,287,118,293
Eastwood,14341,2633,683,300,1019
Ryde - North,14526,3258,916,390,1192
Ryde - South,9173,1543,329,130,787
Ashcroft - Busby - Miller,10787,2977,1082,712,2407
Austral - Greendale,8747,1772,451,225,1326
Badgerys Creek,13,5,4,0,0
Cecil Hills,5041,1075,242,138,415
Green Valley,9247,1951,506,263,962
Hinchinbrook,9499,1939,477,253,864
Hoxton Park - Carnes Hill - Horningsea Park,9823,1864,466,185,932
West Hoxton - Middleton Grange,13053,2310,502,223,1110
Cobbitty - Bringelly,3151,886,256,116,350
Gledswood Hills - Gregory Hills,10934,2014,407,158,783
Leppington - Catherine Field,9286,1821,487,232,734
Oran Park,13344,2392,556,232,1096
Bonnyrigg Heights - Bonnyrigg,11983,2696,732,433,1303
Bossley Park - Abbotsbury,13310,3190,1054,626,1511
Cabramatta - Lansvale,17234,3228,801,451,2389
Cabramatta West - Mount Pritchard,12615,2691,783,400,1757
Canley Vale - Canley Heights,15879,3115,804,424,2032
Edensor Park,7258,1606,431,239,748
Fairfield,12121,2842,924,555,1799
Fairfield - West,14728,3092,993,574,1869
Greenfield Park - Prairiewood,6201,1385,442,210,612
Horsley Park - Kemps Creek,2852,736,212,147,393
Smithfield - Wetherill Park,13040,3271,1061,639,1490
St Johns Park - Wakeley,7737,1853,557,350,700
Wetherill Park Industrial,22,3,5,0,7
Casula,11315,2745,761,386,1375
Chipping Norton - Moorebank,14570,3339,895,565,1439
Holsworthy - Wattle Grove,14739,3523,881,378,1614
Lurnea - Cartwright,8010,2013,679,447,1522
Warwick Farm,3812,905,305,183,731
Edmondson Park,9651,1287,218,76,838
Liverpool - East,12045,2189,627,309,2365
Liverpool - West,8935,2162,715,438,1484
Prestons,11435,2343,609,273,1038
Gymea - Grays Point,12474,3382,927,364,1008
Miranda - Yowie Bay,13746,3746,1233,634,1342
Sylvania - Taren Point,10626,3098,974,549,1185
Caringbah,8618,2258,677,357,941
Caringbah South,8983,2373,625,268,764
Cronulla - Kurnell - Bundeena,16305,4428,1240,555,1854
Lilli Pilli - Port Hacking - Dolans Bay,2443,549,136,46,196
Woolooware - Burraneer,6348,1532,422,157,487
Heathcote - Waterfall,4125,1422,482,291,351
Illawong - Alfords Point,7344,1949,543,220,498
Menai - Lucas Heights - Woronora,14200,4081,1165,502,977
Oyster Bay - Como - Jannali,15204,4145,1082,454,1167
Royal National Park,25,4,0,0,18
Sutherland - Kirrawee,15106,4491,1474,796,1370
Engadine,11388,3540,1029,444,955
Loftus - Yarrawarrah,4914,1484,393,185,371
Woronora Heights,2405,690,174,79,191
Migratory - Offshore - Shipping (NSW),0,0,0,0,0
No usual address (NSW),4427,1883,690,394,3980
