"HLUNP Whether has Lung Condition (including COPD and Emphysema)","Has a lung condition (including COPD and emphysema)","Does not have a lung condition (including COPD and emphysema)","Not stated","Total",
"SA2 (UR)",
"Braidwood",102,3788,454,4343,
"Karabar",184,7577,749,8517,
"Queanbeyan",227,10270,851,11342,
"Queanbeyan - East",97,4633,351,5085,
"Queanbeyan West - Jerrabomberra",160,11830,754,12744,
"Googong",38,5853,332,6224,
"Queanbeyan Surrounds",252,14942,1342,16539,
"Bombala",66,2115,273,2454,
"Cooma",190,5864,705,6761,
"Cooma Surrounds",83,2973,415,3472,
"Jindabyne - Berridale",97,7124,821,8035,
"Batemans Bay",287,7443,850,8581,
"Batemans Bay - South",294,7754,894,8938,
"Bega - Tathra",262,7744,868,8872,
"Bega-Eden Hinterland",271,8385,904,9557,
"Broulee - Tomakin",95,3403,291,3792,
"Deua - Wadbilliga",6,31,5,43,
"Eden",159,2870,399,3425,
"Eurobodalla Hinterland",106,2988,434,3525,
"Merimbula - Tura Beach",326,10304,883,11513,
"Moruya - Tuross Head",260,7442,896,8600,
"Narooma - Bermagui",324,8619,948,9888,
"Goulburn",741,21270,2557,24565,
"Goulburn Surrounds",370,12007,1464,13839,
"Yass",159,6079,523,6763,
"Yass Surrounds",202,11455,1054,12713,
"Young",310,9650,1043,11004,
"Young Surrounds",267,6525,889,7677,
"Avoca Beach - Copacabana",91,6948,476,7513,
"Box Head - MacMasters Beach",247,10063,732,11042,
"Calga - Kulnura",112,4101,510,4716,
"Erina - Green Point",430,13410,916,14758,
"Gosford - Springfield",478,19048,1680,21204,
"Kariong",103,5950,425,6485,
"Kincumber - Picketts Valley",204,6839,577,7615,
"Narara",121,6652,383,7157,
"Niagara Park - Lisarow",150,7616,446,8205,
"Point Clare - Koolewong",167,6002,398,6571,
"Saratoga - Davistown",157,6513,487,7160,
"Terrigal - North Avoca",209,13589,1051,14849,
"Umina - Booker Bay - Patonga",785,21787,2124,24697,
"Wamberal - Forresters Beach",146,9819,712,10675,
"Woy Woy - Blackwall",520,12653,1171,14346,
"Wyoming",311,10235,875,11423,
"Bateau Bay - Killarney Vale",564,20191,2071,22825,
"Blue Haven - San Remo",320,10031,942,11290,
"Budgewoi - Buff Point - Halekulani",401,8454,880,9728,
"Chittaway Bay - Tumbi Umbi",346,14518,1142,16006,
"Gorokan - Kanwal - Charmhaven",833,19280,2252,22362,
"Jilliby - Yarramalong",66,3087,265,3420,
"Lake Munmorah - Mannering Park",481,9578,901,10960,
"Ourimbah - Fountaindale",71,4525,329,4928,
"Summerland Point - Gwandalan",201,5761,529,6492,
"The Entrance",531,13801,1508,15839,
"Toukley - Norah Head",397,8624,888,9909,
"Tuggerah - Kangy Angy",112,4784,340,5229,
"Warnervale - Wadalba",371,18207,1477,20051,
"Wyong",307,7836,977,9120,
"Bathurst - East",221,11164,949,12330,
"Bathurst Surrounds",130,5960,828,6909,
"Oberon",109,3931,790,4834,
"Bathurst - South",284,8899,1569,10752,
"Bathurst - West",262,12968,1085,14313,
"Condobolin",140,5316,920,6372,
"Cowra",303,8073,896,9273,
"Cowra Surrounds",194,4810,721,5716,
"Forbes",282,8569,1173,10020,
"Grenfell",145,3124,326,3597,
"Parkes (NSW)",251,9607,1056,10919,
"Parkes Surrounds",102,2726,433,3262,
"West Wyalong",136,4727,656,5525,
"Lithgow",385,10555,1448,12385,
"Lithgow Surrounds",243,7332,875,8448,
"Mudgee",315,11126,1126,12563,
"Mudgee Surrounds - East",152,2833,416,3398,
"Mudgee Surrounds - West",300,9494,1280,11072,
"Wollangambe - Wollemi",0,0,0,0,
"Blayney",192,6628,710,7517,
"Orange",572,16667,1784,19023,
"Orange - North",410,20693,1793,22895,
"Orange Surrounds",219,10500,1107,11830,
"Grafton",677,16759,1820,19255,
"Grafton Surrounds",585,13576,2717,16875,
"Maclean - Yamba - Iluka",666,15367,1501,17533,
"Bellingen",128,5390,646,6168,
"Coffs Harbour - North",588,15876,1633,18099,
"Coffs Harbour - South",370,9661,1270,11305,
"Coramba - Nana Glen - Bucca",94,3488,366,3950,
"Dorrigo",130,2707,417,3250,
"Korora - Emerald Beach",190,9350,725,10262,
"Sawtell - Boambee",607,17778,1678,20066,
"Urunga",177,4268,465,4907,
"Woolgoolga - Arrawarra",451,12843,1172,14463,
"Bourke - Brewarrina",53,2685,683,3428,
"Cobar",76,3358,695,4129,
"Coonamble",96,3179,654,3926,
"Nyngan - Warren",123,3896,575,4591,
"Walgett - Lightning Ridge",175,3821,1541,5534,
"Broken Hill",590,14881,2120,17588,
"Far West",46,1783,463,2288,
"Coonabarabran",255,6352,1308,7921,
"Dubbo - East",215,9127,1294,10633,
"Dubbo - South",415,17132,2087,19628,
"Dubbo - West",236,8850,1237,10317,
"Dubbo Surrounds",125,5130,710,5963,
"Gilgandra",99,3674,622,4398,
"Narromine",171,5220,1064,6458,
"Wellington",257,6632,1872,8769,
"Branxton - Greta - Pokolbin",239,11658,866,12770,
"Cessnock",744,19339,3408,23495,
"Cessnock Surrounds",194,8203,743,9145,
"Dungog",198,8688,654,9541,
"Kurri Kurri - Abermain",572,18312,1744,20631,
"Singleton",304,15176,1536,17018,
"Singleton Surrounds",122,4634,574,5332,
"Maitland",175,7862,578,8611,
"Maitland - North",139,7986,605,8727,
"East Maitland - Metford",388,16208,1381,17981,
"Rutherford (North) - Aberglasslyn",422,15976,1336,17730,
"Rutherford (South) - Telarah",222,7005,750,7976,
"Tenambit - East Maitland",278,9145,665,10091,
"Thornton - Millers Forest",217,14735,945,15899,
"Anna Bay",166,5728,551,6449,
"Lemon Tree Passage - Tanilba Bay",263,6064,554,6887,
"Nelson Bay Peninsula",653,19614,1702,21972,
"Raymond Terrace",427,12773,1388,14588,
"Seaham - Woodville",80,5158,445,5693,
"Tea Gardens - Hawks Nest",260,4974,575,5804,
"Williamtown - Medowie - Karuah",316,13612,1092,15020,
"Muswellbrook",276,10599,1396,12272,
"Muswellbrook Surrounds",98,3577,412,4083,
"Scone",122,5394,515,6035,
"Scone Surrounds",194,7210,793,8194,
"Dapto - Avondale",683,21864,1642,24195,
"Horsley - Kembla Grange",184,11269,710,12155,
"Port Kembla Industrial",0,5,0,5,
"Unanderra - Mount Kembla",306,14062,911,15280,
"Berkeley - Lake Heights - Cringila",385,12602,1216,14200,
"Port Kembla - Warrawong",264,8598,874,9740,
"Windang - Primbee",164,3707,367,4239,
"Illawarra Catchment Reserve",0,9,0,9,
"Albion Park - Macquarie Pass",319,17411,1300,19026,
"Albion Park Rail",213,6139,564,6920,
"Kiama",195,7980,602,8786,
"Kiama Downs - Minnamurra",97,5573,387,6063,
"Kiama Hinterland - Gerringong",127,7386,622,8136,
"Shellharbour - Flinders",277,17646,1415,19341,
"Shellharbour - Oak Flats",271,9464,854,10590,
"Warilla",677,17724,1994,20397,
"Balgownie - Fairy Meadow",481,19459,1574,21519,
"Corrimal - Tarrawanna - Bellambi",460,14437,1145,16041,
"Figtree - Keiraville",331,20854,1587,22773,
"Helensburgh",103,8512,516,9135,
"Thirroul - Austinmer - Coalcliff",151,11068,738,11957,
"Woonona - Bulli - Russell Vale",449,19065,1245,20761,
"Wollongong - East",269,14622,1126,16020,
"Wollongong - West",275,14981,1291,16551,
"Bulahdelah - Stroud",162,4474,601,5235,
"Forster",524,12917,1271,14709,
"Forster-Tuncurry Surrounds",220,6035,737,6988,
"Tuncurry",296,5614,459,6376,
"Kempsey",569,12586,2502,15654,
"Kempsey Surrounds",334,8077,1064,9472,
"Macksville - Scotts Head",206,4507,479,5189,
"Nambucca Heads",441,5898,770,7111,
"Nambucca Heads Surrounds",313,6879,914,8102,
"South West Rocks",256,4901,476,5628,
"Lord Howe Island",5,407,39,445,
"Laurieton - Bonny Hills",752,16533,1198,18484,
"Port Macquarie - West",769,18628,1750,21147,
"Port Macquarie Surrounds",145,4618,533,5301,
"Wauchope",391,11351,1059,12796,
"Port Macquarie - East",268,10657,839,11764,
"Port Macquarie - South",493,15754,1035,17284,
"Gloucester",180,4678,450,5310,
"Old Bar - Manning Point - Red Head",365,11081,1037,12476,
"Taree",706,18137,2283,21123,
"Taree Surrounds",483,11417,1149,13044,
"Wingham",208,4690,498,5395,
"Albury - East",265,16410,1151,17831,
"Albury - North",266,9203,1061,10527,
"Albury - South",225,9402,900,10519,
"Albury Surrounds",242,10974,1291,12507,
"Lavington",470,13752,1447,15665,
"Hay",85,2393,415,2897,
"Wentworth - Buronga",167,5486,855,6511,
"Wentworth-Balranald Region",66,2945,642,3648,
"Corowa",200,4920,477,5595,
"Corowa Surrounds",217,6222,824,7262,
"Deniliquin",205,6024,807,7038,
"Deniliquin Surrounds",148,5925,768,6837,
"Moama",177,6191,567,6930,
"Tocumwal - Finley - Jerilderie",261,8291,1223,9778,
"Armidale",447,20677,2846,23967,
"Armidale Surrounds - North",102,3751,683,4527,
"Armidale Surrounds - South",147,5260,479,5894,
"Walcha",91,2678,374,3144,
"Glen Innes",309,7392,1228,8931,
"Inverell",300,10365,1399,12057,
"Inverell Surrounds - East",190,4321,688,5200,
"Inverell Surrounds - West",172,4895,668,5734,
"Tenterfield",240,5793,780,6810,
"Moree",155,6059,1633,7845,
"Moree Surrounds",86,3795,1470,5356,
"Narrabri",170,6004,726,6898,
"Narrabri Surrounds",98,3750,770,4616,
"Gunnedah",252,8251,1240,9745,
"Gunnedah Surrounds",112,3694,560,4369,
"Quirindi",197,6293,1066,7551,
"Tamworth - East",473,18824,2056,21360,
"Tamworth - North",383,14526,1605,16517,
"Tamworth - West",107,4898,988,5998,
"Tamworth Surrounds",495,16850,1689,19038,
"Belmont - Bennetts Green",438,16202,1225,17864,
"Belmont South - Blacksmiths",167,5064,453,5680,
"Charlestown - Dudley",495,23133,1624,25254,
"Glendale - Cardiff - Hillsborough",484,22651,1455,24588,
"Mount Hutton - Windale",330,8217,958,9504,
"Redhead",118,3369,293,3785,
"Swansea - Caves Beach",411,11306,846,12559,
"Valentine - Eleebana",192,11704,675,12568,
"Warners Bay - Boolaroo",333,13424,926,14694,
"Bolton Point - Teralba",306,8806,1025,10135,
"Bonnells Bay - Silverwater",264,8752,680,9691,
"Edgeworth - Cameron Park",316,14990,1072,16375,
"Morisset - Cooranbong",552,16283,1299,18129,
"Toronto - Awaba",422,12479,1065,13961,
"Wangi Wangi - Rathmines",257,8467,740,9467,
"West Wallsend - Barnsley - Killingworth",153,6618,476,7254,
"Adamstown - Kotara",228,15409,968,16600,
"Beresfield - Hexham",279,7594,690,8561,
"Hamilton - Broadmeadow",246,11341,1185,12772,
"Lambton - New Lambton",316,15879,1150,17343,
"Maryland - Fletcher - Minmi",242,15270,919,16429,
"Mayfield - Warabrook",384,14016,1132,15526,
"Merewether - The Junction",203,13375,925,14506,
"Newcastle - Cooks Hill",191,11634,984,12805,
"Newcastle Port - Kooragang",0,22,5,31,
"Shortland - Jesmond",233,10690,1674,12593,
"Stockton - Fullerton Cove",288,7782,759,8824,
"Wallsend - Elermore Vale",481,19019,1461,20958,
"Waratah - North Lambton",254,11506,1120,12883,
"Wickham - Carrington - Tighes Hill",164,8406,599,9171,
"Ballina",690,16324,1625,18629,
"Ballina Surrounds",366,16590,1373,18327,
"Bangalow",97,5939,927,6958,
"Brunswick Heads - Ocean Shores",216,7901,1051,9170,
"Byron Bay",159,9520,1238,10914,
"Evans Head",227,4763,655,5643,
"Lennox Head - Skennars Head",121,8363,752,9236,
"Mullumbimby",173,7337,1383,8896,
"Casino",417,10491,1392,12298,
"Casino Surrounds",227,6080,1072,7381,
"Goonellabah",409,12062,1119,13591,
"Kyogle",251,6455,900,7611,
"Lismore",439,13153,1638,15229,
"Lismore Surrounds",325,13631,1829,15786,
"Kingscliff - Fingal Head",377,13230,1203,14818,
"Murwillumbah",275,8227,1002,9501,
"Murwillumbah Surrounds",244,8731,1374,10352,
"Pottsville",302,12394,1389,14086,
"Tweed Heads",680,17760,2122,20563,
"Banora Point",533,14568,1223,16320,
"Terranora - North Tumbulgum",52,3011,264,3324,
"Tweed Heads South",418,7301,704,8423,
"Griffith (NSW)",320,18243,2008,20569,
"Griffith Surrounds",248,10603,1904,12760,
"Leeton",267,9016,1055,10330,
"Narrandera",204,4931,774,5905,
"Tumbarumba",86,2946,485,3522,
"Tumut",195,5805,664,6667,
"Tumut Surrounds",130,4067,547,4744,
"Cootamundra",301,6690,711,7705,
"Gundagai",93,3133,493,3715,
"Junee",184,4836,1336,6351,
"Temora",180,5889,535,6603,
"Wagga Wagga - East",361,15381,1178,16921,
"Wagga Wagga - North",81,5014,505,5605,
"Wagga Wagga - South",509,20226,1786,22522,
"Wagga Wagga - West",366,10412,1185,11962,
"Wagga Wagga Surrounds",359,15654,1772,17788,
"Berry - Kangaroo Valley",260,8495,732,9489,
"Callala Bay - Currarong",130,3225,285,3642,
"Culburra Beach",192,4550,357,5105,
"Ettrema - Sassafras - Budawang",0,53,8,62,
"Huskisson - Vincentia",111,4345,390,4844,
"North Nowra - Bomaderry",496,14281,1320,16098,
"Nowra",691,18830,3063,22584,
"St Georges Basin - Erowal Bay",629,13265,1368,15259,
"Sussex Inlet - Berrara",230,3966,496,4694,
"Tomerong - Wandandian - Woollamia",80,3259,371,3708,
"Ulladulla",520,15133,1375,17026,
"Ulladulla Surrounds",179,5106,530,5822,
"Bowral",334,12296,999,13626,
"Hill Top - Colo Vale",125,5846,420,6393,
"Mittagong",259,9933,737,10931,
"Moss Vale - Berrima",263,9435,954,10648,
"Robertson - Fitzroy Falls",56,3443,338,3829,
"Southern Highlands",141,6524,580,7250,
"Baulkham Hills - East",257,23374,1092,24726,
"Baulkham Hills (West) - Bella Vista",194,20502,987,21683,
"Glenhaven",93,5937,334,6361,
"West Pennant Hills",121,12037,528,12683,
"Castle Hill - Central",73,7267,337,7677,
"Castle Hill - East",108,5022,545,5670,
"Castle Hill - North",116,11510,568,12189,
"Castle Hill - South",91,9831,491,10419,
"Castle Hill - West",40,4955,182,5183,
"Cherrybrook",187,18136,768,19082,
"Kellyville - East",142,16878,694,17709,
"Kellyville - West",82,10740,561,11375,
"Dural - Kenthurst - Wisemans Ferry",293,20768,1421,22479,
"Galston - Laughtondale",65,4943,419,5436,
"Bilpin - Colo - St Albans",66,2430,349,2846,
"Kurrajong Heights - Ebenezer",347,20411,1404,22161,
"Pitt Town - McGraths Hill",135,10380,896,11414,
"Box Hill - Nelson",41,9757,492,10287,
"North Kellyville",56,16385,969,17401,
"Rouse Hill - Beaumont Hills",115,16772,692,17581,
"Blacktown (East) - Kings Park",189,15348,1495,17032,
"Blacktown (North) - Marayong",331,18621,1630,20584,
"Doonside - Woodcroft",333,21289,1754,23384,
"Lalor Park - Kings Langley",422,23012,1934,25373,
"Blacktown - South",191,11470,984,12646,
"Blacktown - West",239,15473,1431,17141,
"Seven Hills - Prospect",217,13612,1030,14866,
"Toongabbie - West",163,10624,790,11578,
"Glenwood",101,15115,610,15829,
"Acacia Gardens",21,3550,93,3668,
"Quakers Hill",199,23050,1424,24670,
"Kellyville Ridge - The Ponds",115,20028,911,21058,
"Marsden Park - Shanes Park",81,14523,924,15524,
"Riverstone",160,12562,1124,13844,
"Schofields (West) - Colebee",42,9382,592,10011,
"Schofields - East",80,23494,1549,25130,
"Stanhope Gardens - Parklea",117,11093,1821,13034,
"Bidwill - Hebersham - Emerton",414,15464,2646,18536,
"Glendenning - Dean Park",84,7712,575,8374,
"Hassall Grove - Plumpton",211,19547,1660,21414,
"Lethbridge Park - Tregear",497,18263,2787,21551,
"Mount Druitt - Whalan",379,20123,2413,22918,
"Prospect Reservoir",0,5,4,12,
"Rooty Hill - Minchinbury",290,20579,1953,22826,
"Banksmeadow",0,411,92,508,
"Botany",119,11872,972,12960,
"Pagewood - Hillsdale - Daceyville",132,13479,1152,14762,
"Port Botany Industrial",0,5,0,6,
"Sydney Airport",0,17,4,19,
"Eastlakes",114,8183,640,8941,
"Mascot",110,19922,1540,21573,
"Petersham - Stanmore",212,18255,1431,19898,
"Sydenham - Tempe - St Peters",71,7703,501,8278,
"Marrickville - North",135,11307,873,12317,
"Marrickville - South",165,13144,973,14283,
"Darlinghurst",119,9533,968,10615,
"Erskineville - Alexandria",127,17792,1213,19126,
"Glebe - Forest Lodge",262,18327,1673,20262,
"Potts Point - Woolloomooloo",226,15921,2041,18187,
"Surry Hills",152,14209,1471,15828,
"Camperdown - Darlington",44,7702,584,8332,
"Chippendale",39,7026,739,7803,
"Newtown (NSW)",138,13553,977,14667,
"Pyrmont",114,11427,1120,12658,
"Redfern",213,12181,1280,13670,
"Rosebery - Beaconsfield",69,11356,870,12290,
"Sydney (North) - Millers Point",51,7206,750,8004,
"Sydney (South) - Haymarket",44,18165,1724,19935,
"Ultimo",30,6748,630,7410,
"Waterloo",196,14494,1691,16379,
"Zetland",46,11812,763,12622,
"Bondi - Tamarama - Bronte",157,17386,1508,19055,
"Bondi Beach - North Bondi",145,18838,1728,20705,
"Bondi Junction - Waverly",187,16081,1453,17720,
"Centennial Park",0,0,0,0,
"Dover Heights",82,10347,698,11122,
"Paddington - Moore Park",134,13663,1001,14793,
"Rose Bay - Vaucluse - Watsons Bay",115,10931,877,11924,
"Woollahra",89,6779,586,7454,
"Bellevue Hill",112,13396,915,14429,
"Double Bay - Darling Point",119,9098,744,9958,
"Kensington (NSW)",87,10862,862,11809,
"Kingsford",108,12634,863,13605,
"Maroubra - North",110,9058,623,9790,
"Maroubra - South",169,10019,894,11084,
"Maroubra - West",67,9274,507,9846,
"Randwick - North",153,14795,1255,16206,
"Randwick - South",83,11699,961,12735,
"Coogee - Clovelly",142,18071,1311,19521,
"Malabar - La Perouse",144,8739,1726,10610,
"Matraville - Chifley",168,12169,1076,13412,
"South Coogee",97,5019,500,5611,
"Bass Hill - Georges Hall",316,20656,2890,23855,
"Chullora",3,1337,124,1469,
"Condell Park",131,11365,1284,12773,
"Padstow",253,15782,1165,17200,
"Revesby",228,16000,1435,17664,
"Yagoona - Birrong",239,19992,2246,22484,
"Bankstown - North",128,15254,1592,16981,
"Bankstown - South",149,16244,2037,18434,
"Greenacre - North",171,12950,1523,14637,
"Greenacre - South",130,11895,1388,13416,
"Panania (North) - Milperra",188,10480,667,11340,
"Panania (South) - Picnic Point",231,14810,949,15994,
"Belmore - Belfield",205,18141,1981,20332,
"Punchbowl",236,19130,2177,21544,
"Roselands",165,13274,1139,14577,
"Lakemba",143,15204,1744,17092,
"Wiley Park",70,8995,1065,10135,
"Campsie - North",114,10860,929,11905,
"Campsie - South",61,7856,1149,9059,
"Canterbury - South",95,10931,1190,12220,
"Earlwood",239,16540,1193,17969,
"Kingsgrove - North",83,5782,391,6261,
"Narwee - Beverly Hills",153,12737,899,13791,
"Oatley - Hurstville Grove",133,11813,653,12594,
"Peakhurst - Lugarno",325,18622,1274,20220,
"Riverwood",188,10383,1032,11606,
"South Hurstville - Blakehurst",193,23483,1580,25259,
"Hurstville - Central",50,11280,712,12046,
"Hurstville - North",95,11245,770,12109,
"Mortdale - Oatley",138,13765,813,14715,
"Penshurst",86,8670,778,9528,
"Kingsgrove (South) - Bardwell Park",139,12088,746,12973,
"Kogarah",108,11808,1138,13051,
"Kogarah Bay - Carlton - Allawah",146,14962,1094,16200,
"Monterey - Brighton-le-Sands - Kyeemagh",135,12555,1202,13896,
"Rockdale - Banksia",177,18195,1482,19853,
"Sans Souci - Ramsgate",248,15122,1292,16659,
"Arncliffe - Bardwell Valley",148,14809,1621,16579,
"Bexley - North",82,9213,849,10145,
"Bexley - South",132,14641,1060,15831,
"Wolli Creek",31,9920,785,10731,
"Concord - Mortlake - Cabarita",258,21570,1277,23113,
"Drummoyne - Rodd Point",175,16978,1210,18366,
"Five Dock - Abbotsford",256,19235,1440,20933,
"Concord West - North Strathfield",87,11836,916,12842,
"Rhodes",44,10791,624,11453,
"Balmain",177,14360,1046,15579,
"Lilyfield - Rozelle",161,12770,889,13824,
"Annandale (NSW)",82,8665,712,9464,
"Leichhardt",188,16273,1071,17532,
"Canterbury (North) - Ashbury",117,11179,708,11999,
"Croydon Park - Enfield",216,15971,1250,17434,
"Dulwich Hill - Lewisham",192,16365,1391,17948,
"Haberfield - Summer Hill",167,12615,744,13520,
"Homebush",77,19238,1507,20822,
"Strathfield South",26,3419,192,3636,
"Ashfield - North",109,10681,663,11456,
"Ashfield - South",158,11402,691,12246,
"Burwood (NSW)",91,14648,1201,15942,
"Croydon",108,10235,648,10993,
"Strathfield - East",102,15176,1145,16420,
"Strathfield - West",72,8650,534,9253,
"Chatswood (West) - Lane Cove North",170,20017,1109,21294,
"St Leonards - Naremburn",72,11131,704,11903,
"Artarmon",96,8792,517,9406,
"Castle Cove - Northbridge",135,12648,650,13440,
"Chatswood - East",128,18398,1077,19601,
"Greenwich - Riverview",118,12175,637,12928,
"Lane Cove",151,14992,748,15888,
"Willoughby",127,12188,688,12996,
"Asquith - Mount Colah",200,20854,1008,22057,
"Berowra - Brooklyn - Cowan",141,11125,524,11790,
"Normanhurst - Thornleigh - Westleigh",200,18134,824,19158,
"Hornsby - East",102,11218,617,11943,
"Hornsby - West",106,9949,573,10629,
"Wahroonga (West) - Waitara",103,11115,663,11877,
"Gordon - Killara",171,21197,1066,22433,
"Lindfield - Roseville",224,23276,1101,24599,
"Pymble",119,16325,774,17221,
"St Ives",202,20673,789,21665,
"Turramurra",239,19198,811,20251,
"Wahroonga (East) - Warrawee",188,17160,852,18191,
"Cremorne - Cammeray",204,17702,997,18905,
"Crows Nest - Waverton",154,16879,889,17916,
"Neutral Bay - Kirribilli",221,15709,1254,17183,
"North Sydney - Lavender Bay",110,11377,956,12441,
"Mosman - North",162,12779,826,13763,
"Mosman - South",135,13661,771,14565,
"Balgowlah - Clontarf - Seaforth",174,19467,1099,20732,
"Manly - Fairlight",218,20773,1443,22438,
"Avalon - Palm Beach",154,12040,856,13052,
"Bayview - Elanora Heights",153,10316,771,11243,
"Newport - Bilgola",154,12723,798,13681,
"Mona Vale - Warriewood (North)",190,13318,1129,14634,
"North Narrabeen - Warriewood (South)",115,10039,722,10874,
"Beacon Hill - Narraweena",223,13386,933,14547,
"Cromer",114,7451,484,8046,
"Forestville - Killarney Heights",147,12338,682,13161,
"Freshwater - Brookvale",176,20337,1310,21828,
"Manly Vale - Allambie Heights",187,16433,933,17550,
"Terrey Hills - Duffys Forest",59,3503,222,3786,
"Belrose",160,8104,388,8652,
"Collaroy - Collaroy Plateau",149,12957,869,13980,
"Dee Why (South) - North Curl Curl",80,8475,563,9116,
"Dee Why - North",144,16644,1040,17816,
"Frenchs Forest - Oxford Falls",196,16175,798,17175,
"Narrabeen - Wheeler Heights",215,10288,743,11241,
"Camden - Ellis Lane",275,12130,893,13295,
"Currans Hill",83,5977,389,6445,
"Elderslie - Narellan",225,12841,950,14019,
"Harrington Park",110,10555,580,11241,
"Mount Annan",219,17665,1150,19040,
"Spring Farm",49,8996,491,9539,
"Bradbury - Wedderburn",428,17762,1822,20011,
"Campbelltown - Woodbine",367,19737,1979,22084,
"Claymore - Eagle Vale - Raby",342,18130,1762,20236,
"Holsworthy Military Area",0,5,0,5,
"Leumeah - Minto Heights",314,15054,1361,16729,
"Minto - St Andrews",346,19215,1771,21335,
"Rosemeadow - Glen Alpine",425,18787,1946,21155,
"Denham Court - Bardia",70,14049,747,14868,
"Glenfield",122,9754,657,10536,
"Ingleburn",255,15171,1294,16720,
"Macquarie Fields",249,12517,1436,14198,
"Bargo",151,5292,490,5934,
"Douglas Park - Appin",152,9962,995,11112,
"Picton - Tahmoor - Buxton",371,17149,1471,18987,
"The Oaks - Oakdale",136,8935,732,9808,
"Blackheath - Megalong Valley",138,5148,477,5764,
"Blaxland - Warrimoo - Lapstone",332,17658,999,18993,
"Blue Mountains - North",0,7,0,7,
"Katoomba - Leura",378,12076,888,13348,
"Lawson - Hazelbrook - Linden",237,10552,659,11445,
"Springwood - Winmalee",474,20196,1296,21964,
"Wentworth Falls",159,5780,493,6428,
"Blue Mountains - South",0,4,0,8,
"Cambridge Park",333,14303,1364,16004,
"Emu Plains - Leonay",259,12697,961,13914,
"Glenmore Park - Regentville",230,19617,1146,21002,
"Jamisontown - South Penrith",327,15699,1304,17326,
"Kingswood - Werrington",386,21879,2358,24625,
"Mulgoa - Luddenham - Orchard Hills",112,11181,748,12040,
"Penrith",398,15416,2148,17966,
"Warragamba - Silverdale",82,5524,418,6025,
"Cranebrook - Castlereagh",285,15428,1314,17029,
"Jordan Springs - Llandilo",106,12475,807,13388,
"Richmond - Clarendon",364,13586,1297,15239,
"Windsor - Bligh Park",342,13600,1320,15264,
"Yarramundi - Londonderry",108,5699,1700,7504,
"Erskine Park",81,5944,462,6486,
"St Clair",274,18173,1496,19942,
"Colyton - Oxley Park",227,11456,1347,13028,
"St Marys - North St Marys",384,14559,2387,17325,
"Rookwood Cemetery",0,3,0,3,
"Auburn - Central",114,17264,2107,19487,
"Auburn - North",48,9709,829,10592,
"Auburn - South",70,7837,953,8860,
"Berala",79,7886,646,8610,
"Lidcombe",143,19617,1439,21197,
"Regents Park",41,4753,345,5138,
"Silverwater - Newington",37,7502,1704,9246,
"Wentworth Point - Sydney Olympic Park",52,19017,1339,20412,
"Ermington - Rydalmere",251,22722,1664,24641,
"Oatlands - Dundas Valley",268,16977,1261,18508,
"Carlingford - East",108,11049,474,11622,
"Carlingford - West",164,18164,923,19251,
"Chester Hill - Sefton",195,17757,2882,20842,
"Fairfield - East",217,13702,1816,15742,
"Granville - Clyde",209,20588,2457,23250,
"Guildford - South Granville",260,18978,3144,22386,
"Guildford West - Merrylands West",261,20352,2321,22929,
"Smithfield Industrial",0,10,0,10,
"Yennora Industrial",0,11,0,12,
"Greystanes - South",238,15179,1233,16645,
"Merrylands - Holroyd",219,20857,2732,23806,
"Pemulwuy - Greystanes (North)",101,10015,778,10893,
"South Wentworthville",87,6487,726,7305,
"North Parramatta",211,20738,1933,22878,
"North Rocks",81,7982,386,8451,
"Northmead",187,18707,1380,20275,
"Toongabbie - Constitution Hill",349,20884,1621,22853,
"Winston Hills",171,10558,473,11199,
"Pendle Hill - Girraween",152,12577,1211,13939,
"Wentworthville - Westmead",185,19521,1864,21568,
"Parramatta - North",38,11118,903,12062,
"Parramatta - South",49,9067,745,9867,
"Rosehill - Harris Park",50,8264,713,9034,
"Pennant Hills - Cheltenham",231,20479,1035,21737,
"Epping (East) - North Epping",98,13685,620,14404,
"Epping (NSW) - West",119,17789,781,18690,
"Gladesville - Huntleys Point",167,14366,917,15456,
"Hunters Hill - Woolwich",109,8795,937,9844,
"Macquarie Park - Marsfield",192,22275,1347,23818,
"North Ryde - East Ryde",153,14465,996,15622,
"West Ryde - Meadowbank",151,18983,970,20102,
"Putney",37,3876,244,4163,
"Denistone",64,6615,293,6969,
"Eastwood",143,17816,1019,18974,
"Ryde - North",233,18861,1192,20291,
"Ryde - South",67,11113,787,11972,
"Ashcroft - Busby - Miller",342,15211,2407,17962,
"Austral - Greendale",118,11082,1326,12533,
"Badgerys Creek",0,25,0,25,
"Cecil Hills",54,6442,415,6906,
"Green Valley",107,11855,962,12919,
"Hinchinbrook",101,12068,864,13038,
"Hoxton Park - Carnes Hill - Horningsea Park",81,12258,932,13263,
"West Hoxton - Middleton Grange",92,15994,1110,17194,
"Cobbitty - Bringelly",59,4349,350,4761,
"Gledswood Hills - Gregory Hills",65,13448,783,14299,
"Leppington - Catherine Field",106,11714,734,12559,
"Oran Park",110,16418,1096,17624,
"Bonnyrigg Heights - Bonnyrigg",169,15683,1303,17154,
"Bossley Park - Abbotsbury",203,17974,1511,19690,
"Cabramatta - Lansvale",201,21514,2389,24101,
"Cabramatta West - Mount Pritchard",190,16299,1757,18249,
"Canley Vale - Canley Heights",187,20037,2032,22261,
"Edensor Park",90,9435,748,10279,
"Fairfield",218,16233,1799,18248,
"Fairfield - West",224,19155,1869,21249,
"Greenfield Park - Prairiewood",77,8161,612,8855,
"Horsley Park - Kemps Creek",64,3885,393,4344,
"Smithfield - Wetherill Park",264,17748,1490,19510,
"St Johns Park - Wakeley",116,10381,700,11197,
"Wetherill Park Industrial",0,35,7,37,
"Casula",213,14990,1375,16584,
"Chipping Norton - Moorebank",286,19082,1439,20813,
"Holsworthy - Wattle Grove",182,19332,1614,21129,
"Lurnea - Cartwright",206,10945,1522,12670,
"Warwick Farm",91,5112,731,5937,
"Edmondson Park",33,11203,838,12080,
"Liverpool - East",138,15036,2365,17536,
"Liverpool - West",163,12096,1484,13737,
"Prestons",123,14532,1038,15692,
"Gymea - Grays Point",228,16926,1008,18156,
"Miranda - Yowie Bay",322,19038,1342,20705,
"Sylvania - Taren Point",268,14975,1185,16430,
"Caringbah",181,11741,941,12858,
"Caringbah South",151,12102,764,13015,
"Cronulla - Kurnell - Bundeena",344,22180,1854,24374,
"Lilli Pilli - Port Hacking - Dolans Bay",29,3144,196,3369,
"Woolooware - Burraneer",76,8378,487,8947,
"Heathcote - Waterfall",114,6206,351,6673,
"Illawong - Alfords Point",105,9951,498,10554,
"Menai - Lucas Heights - Woronora",235,19711,977,20927,
"Oyster Bay - Como - Jannali",253,20647,1167,22063,
"Royal National Park",0,31,18,42,
"Sutherland - Kirrawee",348,21522,1370,23238,
"Engadine",259,16142,955,17356,
"Loftus - Yarrawarrah",109,6866,371,7348,
"Woronora Heights",43,3306,191,3539,
"Migratory - Offshore - Shipping (NSW)",0,0,0,0,
"No usual address (NSW)",268,7122,3980,11371,
