"HARTP Whether has Arthritis","Has arthritis","Does not have arthritis","Not stated","Total",
"SA2 (UR)",
"Braidwood",584,3308,454,4343,
"Karabar",886,6877,749,8517,
"Queanbeyan",1110,9378,851,11342,
"Queanbeyan - East",455,4276,351,5085,
"Queanbeyan West - Jerrabomberra",960,11026,754,12744,
"Googong",277,5612,332,6224,
"Queanbeyan Surrounds",1587,13619,1342,16539,
"Bombala",326,1847,273,2454,
"Cooma",875,5178,705,6761,
"Cooma Surrounds",410,2654,415,3472,
"Jindabyne - Berridale",639,6584,821,8035,
"Batemans Bay",1281,6453,850,8581,
"Batemans Bay - South",1393,6653,894,8938,
"Bega - Tathra",1112,6901,868,8872,
"Bega-Eden Hinterland",1208,7453,904,9557,
"Broulee - Tomakin",578,2920,291,3792,
"Deua - Wadbilliga",9,28,5,43,
"Eden",511,2517,399,3425,
"Eurobodalla Hinterland",442,2647,434,3525,
"Merimbula - Tura Beach",1721,8905,883,11513,
"Moruya - Tuross Head",1387,6312,896,8600,
"Narooma - Bermagui",1627,7314,948,9888,
"Goulburn",3204,18811,2557,24565,
"Goulburn Surrounds",1878,10497,1464,13839,
"Yass",904,5337,523,6763,
"Yass Surrounds",1268,10388,1054,12713,
"Young",1392,8570,1043,11004,
"Young Surrounds",1093,5703,889,7677,
"Avoca Beach - Copacabana",550,6492,476,7513,
"Box Head - MacMasters Beach",1296,9012,732,11042,
"Calga - Kulnura",492,3721,510,4716,
"Erina - Green Point",1960,11879,916,14758,
"Gosford - Springfield",2036,17494,1680,21204,
"Kariong",458,5596,425,6485,
"Kincumber - Picketts Valley",1054,5987,577,7615,
"Narara",650,6126,383,7157,
"Niagara Park - Lisarow",794,6973,446,8205,
"Point Clare - Koolewong",726,5443,398,6571,
"Saratoga - Davistown",774,5893,487,7160,
"Terrigal - North Avoca",1241,12555,1051,14849,
"Umina - Booker Bay - Patonga",3073,19498,2124,24697,
"Wamberal - Forresters Beach",911,9051,712,10675,
"Woy Woy - Blackwall",1781,11393,1171,14346,
"Wyoming",1362,9182,875,11423,
"Bateau Bay - Killarney Vale",2621,18141,2071,22825,
"Blue Haven - San Remo",1251,9099,942,11290,
"Budgewoi - Buff Point - Halekulani",1439,7416,880,9728,
"Chittaway Bay - Tumbi Umbi",1747,13112,1142,16006,
"Gorokan - Kanwal - Charmhaven",3004,17106,2252,22362,
"Jilliby - Yarramalong",288,2869,265,3420,
"Lake Munmorah - Mannering Park",1992,8071,901,10960,
"Ourimbah - Fountaindale",450,4148,329,4928,
"Summerland Point - Gwandalan",866,5096,529,6492,
"The Entrance",2077,12256,1508,15839,
"Toukley - Norah Head",1458,7560,888,9909,
"Tuggerah - Kangy Angy",513,4378,340,5229,
"Warnervale - Wadalba",1816,16763,1477,20051,
"Wyong",1055,7093,977,9120,
"Bathurst - East",1239,10141,949,12330,
"Bathurst Surrounds",713,5370,828,6909,
"Oberon",538,3505,790,4834,
"Bathurst - South",1232,7949,1569,10752,
"Bathurst - West",1395,11838,1085,14313,
"Condobolin",719,4734,920,6372,
"Cowra",1197,7184,896,9273,
"Cowra Surrounds",845,4156,721,5716,
"Forbes",1203,7644,1173,10020,
"Grenfell",552,2713,326,3597,
"Parkes (NSW)",1199,8661,1056,10919,
"Parkes Surrounds",401,2427,433,3262,
"West Wyalong",706,4160,656,5525,
"Lithgow",1817,9124,1448,12385,
"Lithgow Surrounds",1079,6490,875,8448,
"Mudgee",1092,10352,1126,12563,
"Mudgee Surrounds - East",564,2421,416,3398,
"Mudgee Surrounds - West",1187,8603,1280,11072,
"Wollangambe - Wollemi",0,0,0,0,
"Blayney",798,6016,710,7517,
"Orange",2215,15026,1784,19023,
"Orange - North",1865,19233,1793,22895,
"Orange Surrounds",1099,9629,1107,11830,
"Grafton",2604,14835,1820,19255,
"Grafton Surrounds",2215,11946,2717,16875,
"Maclean - Yamba - Iluka",2874,13150,1501,17533,
"Bellingen",570,4948,646,6168,
"Coffs Harbour - North",2244,14218,1633,18099,
"Coffs Harbour - South",1380,8655,1270,11305,
"Coramba - Nana Glen - Bucca",363,3219,366,3950,
"Dorrigo",374,2462,417,3250,
"Korora - Emerald Beach",1001,8534,725,10262,
"Sawtell - Boambee",2695,15686,1678,20066,
"Urunga",659,3788,465,4907,
"Woolgoolga - Arrawarra",1756,11534,1172,14463,
"Bourke - Brewarrina",222,2515,683,3428,
"Cobar",334,3098,695,4129,
"Coonamble",370,2904,654,3926,
"Nyngan - Warren",470,3548,575,4591,
"Walgett - Lightning Ridge",539,3458,1541,5534,
"Broken Hill",2497,12974,2120,17588,
"Far West",181,1644,463,2288,
"Coonabarabran",1089,5516,1308,7921,
"Dubbo - East",1063,8269,1294,10633,
"Dubbo - South",1823,15720,2087,19628,
"Dubbo - West",1028,8050,1237,10317,
"Dubbo Surrounds",572,4680,710,5963,
"Gilgandra",530,3239,622,4398,
"Narromine",669,4725,1064,6458,
"Wellington",998,5892,1872,8769,
"Branxton - Greta - Pokolbin",1214,10686,866,12770,
"Cessnock",3127,16962,3408,23495,
"Cessnock Surrounds",1025,7369,743,9145,
"Dungog",1165,7720,654,9541,
"Kurri Kurri - Abermain",2371,16513,1744,20631,
"Singleton",1698,13786,1536,17018,
"Singleton Surrounds",539,4216,574,5332,
"Maitland",774,7262,578,8611,
"Maitland - North",829,7295,605,8727,
"East Maitland - Metford",2051,14551,1381,17981,
"Rutherford (North) - Aberglasslyn",1781,14614,1336,17730,
"Rutherford (South) - Telarah",859,6365,750,7976,
"Tenambit - East Maitland",1361,8062,665,10091,
"Thornton - Millers Forest",1252,13703,945,15899,
"Anna Bay",994,4902,551,6449,
"Lemon Tree Passage - Tanilba Bay",1134,5204,554,6887,
"Nelson Bay Peninsula",3454,16820,1702,21972,
"Raymond Terrace",1667,11533,1388,14588,
"Seaham - Woodville",533,4714,445,5693,
"Tea Gardens - Hawks Nest",1250,3986,575,5804,
"Williamtown - Medowie - Karuah",1741,12186,1092,15020,
"Muswellbrook",1154,9720,1396,12272,
"Muswellbrook Surrounds",430,3239,412,4083,
"Scone",562,4955,515,6035,
"Scone Surrounds",906,6501,793,8194,
"Dapto - Avondale",3016,19536,1642,24195,
"Horsley - Kembla Grange",944,10505,710,12155,
"Port Kembla Industrial",0,5,0,5,
"Unanderra - Mount Kembla",1532,12837,911,15280,
"Berkeley - Lake Heights - Cringila",1565,11421,1216,14200,
"Port Kembla - Warrawong",1153,7706,874,9740,
"Windang - Primbee",672,3202,367,4239,
"Illawarra Catchment Reserve",0,9,0,9,
"Albion Park - Macquarie Pass",1688,16041,1300,19026,
"Albion Park Rail",965,5382,564,6920,
"Kiama",1128,7045,602,8786,
"Kiama Downs - Minnamurra",623,5052,387,6063,
"Kiama Hinterland - Gerringong",948,6570,622,8136,
"Shellharbour - Flinders",1749,16180,1415,19341,
"Shellharbour - Oak Flats",1346,8386,854,10590,
"Warilla",2770,15636,1994,20397,
"Balgownie - Fairy Meadow",2231,17707,1574,21519,
"Corrimal - Tarrawanna - Bellambi",1808,13087,1145,16041,
"Figtree - Keiraville",1835,19346,1587,22773,
"Helensburgh",739,7873,516,9135,
"Thirroul - Austinmer - Coalcliff",1023,10195,738,11957,
"Woonona - Bulli - Russell Vale",2233,17284,1245,20761,
"Wollongong - East",1530,13363,1126,16020,
"Wollongong - West",1309,13949,1291,16551,
"Bulahdelah - Stroud",716,3915,601,5235,
"Forster",2506,10935,1271,14709,
"Forster-Tuncurry Surrounds",973,5278,737,6988,
"Tuncurry",1343,4576,459,6376,
"Kempsey",2048,11108,2502,15654,
"Kempsey Surrounds",1230,7181,1064,9472,
"Macksville - Scotts Head",711,4000,479,5189,
"Nambucca Heads",1305,5040,770,7111,
"Nambucca Heads Surrounds",1042,6150,914,8102,
"South West Rocks",1057,4097,476,5628,
"Lord Howe Island",27,385,39,445,
"Laurieton - Bonny Hills",3330,13951,1198,18484,
"Port Macquarie - West",3009,16393,1750,21147,
"Port Macquarie Surrounds",618,4144,533,5301,
"Wauchope",1515,10222,1059,12796,
"Port Macquarie - East",1259,9668,839,11764,
"Port Macquarie - South",2432,13817,1035,17284,
"Gloucester",719,4138,450,5310,
"Old Bar - Manning Point - Red Head",1852,9596,1037,12476,
"Taree",3025,15817,2283,21123,
"Taree Surrounds",2098,9801,1149,13044,
"Wingham",739,4154,498,5395,
"Albury - East",1518,15167,1151,17831,
"Albury - North",1115,8350,1061,10527,
"Albury - South",1119,8506,900,10519,
"Albury Surrounds",1279,9942,1291,12507,
"Lavington",1830,12390,1447,15665,
"Hay",303,2176,415,2897,
"Wentworth - Buronga",619,5037,855,6511,
"Wentworth-Balranald Region",304,2707,642,3648,
"Corowa",812,4311,477,5595,
"Corowa Surrounds",1045,5398,824,7262,
"Deniliquin",913,5315,807,7038,
"Deniliquin Surrounds",812,5259,768,6837,
"Moama",885,5484,567,6930,
"Tocumwal - Finley - Jerilderie",1456,7097,1223,9778,
"Armidale",2090,19034,2846,23967,
"Armidale Surrounds - North",461,3391,683,4527,
"Armidale Surrounds - South",721,4690,479,5894,
"Walcha",418,2343,374,3144,
"Glen Innes",1235,6466,1228,8931,
"Inverell",1387,9280,1399,12057,
"Inverell Surrounds - East",722,3786,688,5200,
"Inverell Surrounds - West",761,4303,668,5734,
"Tenterfield",1091,4941,780,6810,
"Moree",582,5632,1633,7845,
"Moree Surrounds",308,3574,1470,5356,
"Narrabri",719,5453,726,6898,
"Narrabri Surrounds",440,3405,770,4616,
"Gunnedah",958,7547,1240,9745,
"Gunnedah Surrounds",423,3381,560,4369,
"Quirindi",895,5598,1066,7551,
"Tamworth - East",2198,17094,2056,21360,
"Tamworth - North",1714,13202,1605,16517,
"Tamworth - West",502,4510,988,5998,
"Tamworth Surrounds",2244,15098,1689,19038,
"Belmont - Bennetts Green",2256,14382,1225,17864,
"Belmont South - Blacksmiths",805,4428,453,5680,
"Charlestown - Dudley",2385,21240,1624,25254,
"Glendale - Cardiff - Hillsborough",2553,20581,1455,24588,
"Mount Hutton - Windale",1287,7262,958,9504,
"Redhead",457,3032,293,3785,
"Swansea - Caves Beach",1843,9868,846,12559,
"Valentine - Eleebana",1338,10555,675,12568,
"Warners Bay - Boolaroo",1773,11992,926,14694,
"Bolton Point - Teralba",1293,7813,1025,10135,
"Bonnells Bay - Silverwater",1203,7810,680,9691,
"Edgeworth - Cameron Park",1517,13783,1072,16375,
"Morisset - Cooranbong",2502,14327,1299,18129,
"Toronto - Awaba",1943,10951,1065,13961,
"Wangi Wangi - Rathmines",1296,7437,740,9467,
"West Wallsend - Barnsley - Killingworth",808,5968,476,7254,
"Adamstown - Kotara",1400,14238,968,16600,
"Beresfield - Hexham",1194,6678,690,8561,
"Hamilton - Broadmeadow",1248,10338,1185,12772,
"Lambton - New Lambton",1711,14483,1150,17343,
"Maryland - Fletcher - Minmi",1235,14272,919,16429,
"Mayfield - Warabrook",1593,12804,1132,15526,
"Merewether - The Junction",1167,12409,925,14506,
"Newcastle - Cooks Hill",1032,10789,984,12805,
"Newcastle Port - Kooragang",3,21,5,31,
"Shortland - Jesmond",976,9943,1674,12593,
"Stockton - Fullerton Cove",1256,6815,759,8824,
"Wallsend - Elermore Vale",2583,16921,1461,20958,
"Waratah - North Lambton",1149,10617,1120,12883,
"Wickham - Carrington - Tighes Hill",686,7885,599,9171,
"Ballina",2553,14451,1625,18629,
"Ballina Surrounds",1791,15160,1373,18327,
"Bangalow",420,5617,927,6958,
"Brunswick Heads - Ocean Shores",754,7359,1051,9170,
"Byron Bay",674,9005,1238,10914,
"Evans Head",781,4209,655,5643,
"Lennox Head - Skennars Head",688,7797,752,9236,
"Mullumbimby",610,6903,1383,8896,
"Casino",1572,9330,1392,12298,
"Casino Surrounds",785,5526,1072,7381,
"Goonellabah",1581,10887,1119,13591,
"Kyogle",949,5764,900,7611,
"Lismore",1518,12072,1638,15229,
"Lismore Surrounds",1390,12566,1829,15786,
"Kingscliff - Fingal Head",1551,12061,1203,14818,
"Murwillumbah",1075,7427,1002,9501,
"Murwillumbah Surrounds",997,7980,1374,10352,
"Pottsville",1339,11359,1389,14086,
"Tweed Heads",2567,15875,2122,20563,
"Banora Point",2282,12817,1223,16320,
"Terranora - North Tumbulgum",307,2750,264,3324,
"Tweed Heads South",1485,6236,704,8423,
"Griffith (NSW)",1634,16927,2008,20569,
"Griffith Surrounds",1149,9705,1904,12760,
"Leeton",1018,8263,1055,10330,
"Narrandera",711,4418,774,5905,
"Tumbarumba",418,2613,485,3522,
"Tumut",835,5163,664,6667,
"Tumut Surrounds",599,3602,547,4744,
"Cootamundra",1221,5776,711,7705,
"Gundagai",397,2827,493,3715,
"Junee",795,4218,1336,6351,
"Temora",874,5197,535,6603,
"Wagga Wagga - East",1670,14070,1178,16921,
"Wagga Wagga - North",356,4740,505,5605,
"Wagga Wagga - South",2162,18575,1786,22522,
"Wagga Wagga - West",1287,9493,1185,11962,
"Wagga Wagga Surrounds",1618,14400,1772,17788,
"Berry - Kangaroo Valley",1367,7389,732,9489,
"Callala Bay - Currarong",580,2779,285,3642,
"Culburra Beach",873,3874,357,5105,
"Ettrema - Sassafras - Budawang",3,55,8,62,
"Huskisson - Vincentia",698,3758,390,4844,
"North Nowra - Bomaderry",2106,12675,1320,16098,
"Nowra",2610,16911,3063,22584,
"St Georges Basin - Erowal Bay",2620,11277,1368,15259,
"Sussex Inlet - Berrara",946,3253,496,4694,
"Tomerong - Wandandian - Woollamia",454,2882,371,3708,
"Ulladulla",2745,12908,1375,17026,
"Ulladulla Surrounds",926,4362,530,5822,
"Bowral",1969,10665,999,13626,
"Hill Top - Colo Vale",667,5307,420,6393,
"Mittagong",1331,8862,737,10931,
"Moss Vale - Berrima",1232,8466,954,10648,
"Robertson - Fitzroy Falls",412,3084,338,3829,
"Southern Highlands",874,5787,580,7250,
"Baulkham Hills - East",1629,22002,1092,24726,
"Baulkham Hills (West) - Bella Vista",1299,19396,987,21683,
"Glenhaven",731,5299,334,6361,
"West Pennant Hills",843,11314,528,12683,
"Castle Hill - Central",493,6841,337,7677,
"Castle Hill - East",624,4502,545,5670,
"Castle Hill - North",784,10839,568,12189,
"Castle Hill - South",634,9288,491,10419,
"Castle Hill - West",267,4727,182,5183,
"Cherrybrook",1187,17131,768,19082,
"Kellyville - East",976,16039,694,17709,
"Kellyville - West",567,10249,561,11375,
"Dural - Kenthurst - Wisemans Ferry",1794,19263,1421,22479,
"Galston - Laughtondale",544,4468,419,5436,
"Bilpin - Colo - St Albans",248,2254,349,2846,
"Kurrajong Heights - Ebenezer",1870,18887,1404,22161,
"Pitt Town - McGraths Hill",936,9580,896,11414,
"Box Hill - Nelson",329,9460,492,10287,
"North Kellyville",546,15888,969,17401,
"Rouse Hill - Beaumont Hills",851,16038,692,17581,
"Blacktown (East) - Kings Park",1001,14540,1495,17032,
"Blacktown (North) - Marayong",1454,17498,1630,20584,
"Doonside - Woodcroft",1593,20033,1754,23384,
"Lalor Park - Kings Langley",2130,21307,1934,25373,
"Blacktown - South",828,10837,984,12646,
"Blacktown - West",1222,14490,1431,17141,
"Seven Hills - Prospect",1044,12786,1030,14866,
"Toongabbie - West",661,10124,790,11578,
"Glenwood",822,14397,610,15829,
"Acacia Gardens",191,3384,93,3668,
"Quakers Hill",1277,21973,1424,24670,
"Kellyville Ridge - The Ponds",938,19200,911,21058,
"Marsden Park - Shanes Park",434,14169,924,15524,
"Riverstone",738,11983,1124,13844,
"Schofields (West) - Colebee",325,9098,592,10011,
"Schofields - East",549,23026,1549,25130,
"Stanhope Gardens - Parklea",641,10574,1821,13034,
"Bidwill - Hebersham - Emerton",1683,14203,2646,18536,
"Glendenning - Dean Park",494,7305,575,8374,
"Hassall Grove - Plumpton",1244,18507,1660,21414,
"Lethbridge Park - Tregear",1751,17007,2787,21551,
"Mount Druitt - Whalan",1673,18829,2413,22918,
"Prospect Reservoir",0,5,4,12,
"Rooty Hill - Minchinbury",1471,19408,1953,22826,
"Banksmeadow",12,404,92,508,
"Botany",720,11268,972,12960,
"Pagewood - Hillsdale - Daceyville",924,12684,1152,14762,
"Port Botany Industrial",0,7,0,6,
"Sydney Airport",0,17,4,19,
"Eastlakes",711,7587,640,8941,
"Mascot",671,19357,1540,21573,
"Petersham - Stanmore",1074,17394,1431,19898,
"Sydenham - Tempe - St Peters",436,7336,501,8278,
"Marrickville - North",691,10749,873,12317,
"Marrickville - South",954,12348,973,14283,
"Darlinghurst",446,9208,968,10615,
"Erskineville - Alexandria",704,17211,1213,19126,
"Glebe - Forest Lodge",1156,17434,1673,20262,
"Potts Point - Woolloomooloo",996,15145,2041,18187,
"Surry Hills",695,13660,1471,15828,
"Camperdown - Darlington",270,7475,584,8332,
"Chippendale",135,6934,739,7803,
"Newtown (NSW)",699,12992,977,14667,
"Pyrmont",566,10972,1120,12658,
"Redfern",843,11551,1280,13670,
"Rosebery - Beaconsfield",375,11047,870,12290,
"Sydney (North) - Millers Point",306,6949,750,8004,
"Sydney (South) - Haymarket",226,17984,1724,19935,
"Ultimo",155,6630,630,7410,
"Waterloo",795,13893,1691,16379,
"Zetland",224,11637,763,12622,
"Bondi - Tamarama - Bronte",922,16623,1508,19055,
"Bondi Beach - North Bondi",775,18209,1728,20705,
"Bondi Junction - Waverly",1050,15215,1453,17720,
"Centennial Park",0,0,0,0,
"Dover Heights",580,9846,698,11122,
"Paddington - Moore Park",784,13012,1001,14793,
"Rose Bay - Vaucluse - Watsons Bay",750,10292,877,11924,
"Woollahra",505,6368,586,7454,
"Bellevue Hill",798,12716,915,14429,
"Double Bay - Darling Point",705,8510,744,9958,
"Kensington (NSW)",531,10419,862,11809,
"Kingsford",710,12033,863,13605,
"Maroubra - North",658,8510,623,9790,
"Maroubra - South",852,9336,894,11084,
"Maroubra - West",596,8750,507,9846,
"Randwick - North",814,14129,1255,16206,
"Randwick - South",678,11104,961,12735,
"Coogee - Clovelly",870,17345,1311,19521,
"Malabar - La Perouse",811,8072,1726,10610,
"Matraville - Chifley",1025,11313,1076,13412,
"South Coogee",413,4700,500,5611,
"Bass Hill - Georges Hall",1756,19215,2890,23855,
"Chullora",45,1302,124,1469,
"Condell Park",773,10719,1284,12773,
"Padstow",1428,14606,1165,17200,
"Revesby",1249,14981,1435,17664,
"Yagoona - Birrong",1389,18851,2246,22484,
"Bankstown - North",848,14536,1592,16981,
"Bankstown - South",914,15483,2037,18434,
"Greenacre - North",950,12171,1523,14637,
"Greenacre - South",822,11206,1388,13416,
"Panania (North) - Milperra",988,9684,667,11340,
"Panania (South) - Picnic Point",1298,13750,949,15994,
"Belmore - Belfield",1297,17051,1981,20332,
"Punchbowl",1255,18115,2177,21544,
"Roselands",931,12507,1139,14577,
"Lakemba",798,14554,1744,17092,
"Wiley Park",437,8629,1065,10135,
"Campsie - North",503,10466,929,11905,
"Campsie - South",370,7546,1149,9059,
"Canterbury - South",615,10418,1190,12220,
"Earlwood",1408,15373,1193,17969,
"Kingsgrove - North",444,5423,391,6261,
"Narwee - Beverly Hills",914,11980,899,13791,
"Oatley - Hurstville Grove",868,11071,653,12594,
"Peakhurst - Lugarno",1751,17199,1274,20220,
"Riverwood",871,9700,1032,11606,
"South Hurstville - Blakehurst",1343,22330,1580,25259,
"Hurstville - Central",332,10998,712,12046,
"Hurstville - North",656,10687,770,12109,
"Mortdale - Oatley",1004,12893,813,14715,
"Penshurst",558,8197,778,9528,
"Kingsgrove (South) - Bardwell Park",889,11337,746,12973,
"Kogarah",663,11252,1138,13051,
"Kogarah Bay - Carlton - Allawah",1059,14049,1094,16200,
"Monterey - Brighton-le-Sands - Kyeemagh",1127,11569,1202,13896,
"Rockdale - Banksia",1058,17311,1482,19853,
"Sans Souci - Ramsgate",1491,13882,1292,16659,
"Arncliffe - Bardwell Valley",882,14073,1621,16579,
"Bexley - North",741,8552,849,10145,
"Bexley - South",882,13894,1060,15831,
"Wolli Creek",151,9791,785,10731,
"Concord - Mortlake - Cabarita",1827,20002,1277,23113,
"Drummoyne - Rodd Point",1335,15814,1210,18366,
"Five Dock - Abbotsford",1631,17859,1440,20933,
"Concord West - North Strathfield",705,11221,916,12842,
"Rhodes",199,10635,624,11453,
"Balmain",971,13565,1046,15579,
"Lilyfield - Rozelle",881,12053,889,13824,
"Annandale (NSW)",565,8181,712,9464,
"Leichhardt",1015,15445,1071,17532,
"Canterbury (North) - Ashbury",775,10520,708,11999,
"Croydon Park - Enfield",1259,14922,1250,17434,
"Dulwich Hill - Lewisham",1099,15455,1391,17948,
"Haberfield - Summer Hill",1037,11745,744,13520,
"Homebush",511,18803,1507,20822,
"Strathfield South",223,3217,192,3636,
"Ashfield - North",608,10184,663,11456,
"Ashfield - South",895,10658,691,12246,
"Burwood (NSW)",484,14248,1201,15942,
"Croydon",716,9627,648,10993,
"Strathfield - East",658,14621,1145,16420,
"Strathfield - West",570,8149,534,9253,
"Chatswood (West) - Lane Cove North",998,19185,1109,21294,
"St Leonards - Naremburn",474,10727,704,11903,
"Artarmon",408,8474,517,9406,
"Castle Cove - Northbridge",919,11865,650,13440,
"Chatswood - East",745,17779,1077,19601,
"Greenwich - Riverview",825,11468,637,12928,
"Lane Cove",848,14295,748,15888,
"Willoughby",799,11515,688,12996,
"Asquith - Mount Colah",1491,19567,1008,22057,
"Berowra - Brooklyn - Cowan",1005,10256,524,11790,
"Normanhurst - Thornleigh - Westleigh",1283,17046,824,19158,
"Hornsby - East",478,10842,617,11943,
"Hornsby - West",691,9367,573,10629,
"Wahroonga (West) - Waitara",674,10543,663,11877,
"Gordon - Killara",1089,20276,1066,22433,
"Lindfield - Roseville",1421,22074,1101,24599,
"Pymble",925,15522,774,17221,
"St Ives",1493,19384,789,21665,
"Turramurra",1634,17803,811,20251,
"Wahroonga (East) - Warrawee",1251,16091,852,18191,
"Cremorne - Cammeray",1152,16753,997,18905,
"Crows Nest - Waverton",971,16061,889,17916,
"Neutral Bay - Kirribilli",1086,14845,1254,17183,
"North Sydney - Lavender Bay",597,10892,956,12441,
"Mosman - North",1019,11918,826,13763,
"Mosman - South",897,12905,771,14565,
"Balgowlah - Clontarf - Seaforth",1158,18473,1099,20732,
"Manly - Fairlight",1248,19748,1443,22438,
"Avalon - Palm Beach",1031,11163,856,13052,
"Bayview - Elanora Heights",1082,9392,771,11243,
"Newport - Bilgola",1094,11787,798,13681,
"Mona Vale - Warriewood (North)",1341,12166,1129,14634,
"North Narrabeen - Warriewood (South)",653,9503,722,10874,
"Beacon Hill - Narraweena",1063,12546,933,14547,
"Cromer",632,6931,484,8046,
"Forestville - Killarney Heights",916,11564,682,13161,
"Freshwater - Brookvale",1156,19361,1310,21828,
"Manly Vale - Allambie Heights",1060,15555,933,17550,
"Terrey Hills - Duffys Forest",332,3229,222,3786,
"Belrose",872,7386,388,8652,
"Collaroy - Collaroy Plateau",906,12203,869,13980,
"Dee Why (South) - North Curl Curl",506,8048,563,9116,
"Dee Why - North",918,15864,1040,17816,
"Frenchs Forest - Oxford Falls",1120,15256,798,17175,
"Narrabeen - Wheeler Heights",1105,9398,743,11241,
"Camden - Ellis Lane",1558,10852,893,13295,
"Currans Hill",413,5644,389,6445,
"Elderslie - Narellan",1225,11838,950,14019,
"Harrington Park",739,9922,580,11241,
"Mount Annan",1416,16465,1150,19040,
"Spring Farm",428,8628,491,9539,
"Bradbury - Wedderburn",1996,16194,1822,20011,
"Campbelltown - Woodbine",1981,18129,1979,22084,
"Claymore - Eagle Vale - Raby",1743,16725,1762,20236,
"Holsworthy Military Area",0,5,0,5,
"Leumeah - Minto Heights",1750,13615,1361,16729,
"Minto - St Andrews",1727,17839,1771,21335,
"Rosemeadow - Glen Alpine",2208,17004,1946,21155,
"Denham Court - Bardia",544,13580,747,14868,
"Glenfield",774,9105,657,10536,
"Ingleburn",1362,14063,1294,16720,
"Macquarie Fields",1235,11526,1436,14198,
"Bargo",675,4767,490,5934,
"Douglas Park - Appin",966,9148,995,11112,
"Picton - Tahmoor - Buxton",1956,15561,1471,18987,
"The Oaks - Oakdale",851,8221,732,9808,
"Blackheath - Megalong Valley",694,4600,477,5764,
"Blaxland - Warrimoo - Lapstone",1774,16217,999,18993,
"Blue Mountains - North",3,6,0,7,
"Katoomba - Leura",1539,10918,888,13348,
"Lawson - Hazelbrook - Linden",1129,9663,659,11445,
"Springwood - Winmalee",2317,18346,1296,21964,
"Wentworth Falls",810,5128,493,6428,
"Blue Mountains - South",0,4,0,8,
"Cambridge Park",1496,13139,1364,16004,
"Emu Plains - Leonay",1349,11606,961,13914,
"Glenmore Park - Regentville",1455,18398,1146,21002,
"Jamisontown - South Penrith",1624,14399,1304,17326,
"Kingswood - Werrington",1755,20508,2358,24625,
"Mulgoa - Luddenham - Orchard Hills",747,10550,748,12040,
"Penrith",1676,14140,2148,17966,
"Warragamba - Silverdale",479,5126,418,6025,
"Cranebrook - Castlereagh",1358,14352,1314,17029,
"Jordan Springs - Llandilo",585,11994,807,13388,
"Richmond - Clarendon",1680,12267,1297,15239,
"Windsor - Bligh Park",1340,12602,1320,15264,
"Yarramundi - Londonderry",506,5299,1700,7504,
"Erskine Park",501,5530,462,6486,
"St Clair",1601,16847,1496,19942,
"Colyton - Oxley Park",1033,10642,1347,13028,
"St Marys - North St Marys",1430,13505,2387,17325,
"Rookwood Cemetery",0,3,0,3,
"Auburn - Central",696,16680,2107,19487,
"Auburn - North",339,9422,829,10592,
"Auburn - South",467,7439,953,8860,
"Berala",420,7555,646,8610,
"Lidcombe",870,18893,1439,21197,
"Regents Park",292,4496,345,5138,
"Silverwater - Newington",279,7262,1704,9246,
"Wentworth Point - Sydney Olympic Park",371,18702,1339,20412,
"Ermington - Rydalmere",1454,21520,1664,24641,
"Oatlands - Dundas Valley",1147,16098,1261,18508,
"Carlingford - East",715,10438,474,11622,
"Carlingford - West",899,17430,923,19251,
"Chester Hill - Sefton",1239,16716,2882,20842,
"Fairfield - East",1121,12808,1816,15742,
"Granville - Clyde",1002,19792,2457,23250,
"Guildford - South Granville",1282,17956,3144,22386,
"Guildford West - Merrylands West",1444,19163,2321,22929,
"Smithfield Industrial",0,10,0,10,
"Yennora Industrial",0,13,0,12,
"Greystanes - South",1378,14037,1233,16645,
"Merrylands - Holroyd",1262,19812,2732,23806,
"Pemulwuy - Greystanes (North)",734,9388,778,10893,
"South Wentworthville",477,6103,726,7305,
"North Parramatta",1136,19814,1933,22878,
"North Rocks",655,7408,386,8451,
"Northmead",1059,17840,1380,20275,
"Toongabbie - Constitution Hill",1731,19507,1621,22853,
"Winston Hills",893,9831,473,11199,
"Pendle Hill - Girraween",738,11986,1211,13939,
"Wentworthville - Westmead",868,18834,1864,21568,
"Parramatta - North",207,10957,903,12062,
"Parramatta - South",299,8826,745,9867,
"Rosehill - Harris Park",294,8027,713,9034,
"Pennant Hills - Cheltenham",1577,19131,1035,21737,
"Epping (East) - North Epping",617,13174,620,14404,
"Epping (NSW) - West",800,17108,781,18690,
"Gladesville - Huntleys Point",1106,13427,917,15456,
"Hunters Hill - Woolwich",748,8154,937,9844,
"Macquarie Park - Marsfield",1188,21284,1347,23818,
"North Ryde - East Ryde",916,13705,996,15622,
"West Ryde - Meadowbank",937,18192,970,20102,
"Putney",279,3642,244,4163,
"Denistone",416,6260,293,6969,
"Eastwood",924,17038,1019,18974,
"Ryde - North",1297,17792,1192,20291,
"Ryde - South",426,10749,787,11972,
"Ashcroft - Busby - Miller",1575,13976,2407,17962,
"Austral - Greendale",764,10438,1326,12533,
"Badgerys Creek",3,19,0,25,
"Cecil Hills",430,6064,415,6906,
"Green Valley",767,11191,962,12919,
"Hinchinbrook",740,11429,864,13038,
"Hoxton Park - Carnes Hill - Horningsea Park",615,11721,932,13263,
"West Hoxton - Middleton Grange",785,15300,1110,17194,
"Cobbitty - Bringelly",451,3956,350,4761,
"Gledswood Hills - Gregory Hills",552,12960,783,14299,
"Leppington - Catherine Field",793,11037,734,12559,
"Oran Park",638,15889,1096,17624,
"Bonnyrigg Heights - Bonnyrigg",1108,14739,1303,17154,
"Bossley Park - Abbotsbury",1727,16450,1511,19690,
"Cabramatta - Lansvale",1149,20566,2389,24101,
"Cabramatta West - Mount Pritchard",1127,15365,1757,18249,
"Canley Vale - Canley Heights",1154,19066,2032,22261,
"Edensor Park",729,8794,748,10279,
"Fairfield",1460,14986,1799,18248,
"Fairfield - West",1593,17788,1869,21249,
"Greenfield Park - Prairiewood",696,7542,612,8855,
"Horsley Park - Kemps Creek",411,3536,393,4344,
"Smithfield - Wetherill Park",1771,16243,1490,19510,
"St Johns Park - Wakeley",937,9562,700,11197,
"Wetherill Park Industrial",5,29,7,37,
"Casula",1163,14039,1375,16584,
"Chipping Norton - Moorebank",1451,17917,1439,20813,
"Holsworthy - Wattle Grove",1256,18261,1614,21129,
"Lurnea - Cartwright",985,10162,1522,12670,
"Warwick Farm",404,4799,731,5937,
"Edmondson Park",287,10953,838,12080,
"Liverpool - East",788,14388,2365,17536,
"Liverpool - West",1022,11235,1484,13737,
"Prestons",858,13800,1038,15692,
"Gymea - Grays Point",1486,15662,1008,18156,
"Miranda - Yowie Bay",1904,17463,1342,20705,
"Sylvania - Taren Point",1687,13563,1185,16430,
"Caringbah",1025,10886,941,12858,
"Caringbah South",1127,11126,764,13015,
"Cronulla - Kurnell - Bundeena",2067,20461,1854,24374,
"Lilli Pilli - Port Hacking - Dolans Bay",241,2936,196,3369,
"Woolooware - Burraneer",681,7776,487,8947,
"Heathcote - Waterfall",763,5554,351,6673,
"Illawong - Alfords Point",850,9207,498,10554,
"Menai - Lucas Heights - Woronora",1775,18176,977,20927,
"Oyster Bay - Como - Jannali",1696,19201,1167,22063,
"Royal National Park",0,32,18,42,
"Sutherland - Kirrawee",2075,19792,1370,23238,
"Engadine",1527,14870,955,17356,
"Loftus - Yarrawarrah",682,6296,371,7348,
"Woronora Heights",303,3047,191,3539,
"Migratory - Offshore - Shipping (NSW)",0,0,0,0,
"No usual address (NSW)",813,6579,3980,11371,
